url,source_ids,checked_at,state,observed_redirect,safe_for_user_link,safe_as_sole_evidence,note
https://abit.itmo.ru/page/66,SRC_ITMO_ADMISSION_BACHELOR_2026,2026-09-26T11:40:30.570901Z,content_retrieved_recent,,True,True,"Содержимое было получено при полном аудите 26.09.2026; повторная проверка не требовалась, если источник не использовался в спорной карточке."
https://abitlk.itmo.ru/,,2026-09-29T00:00:00Z,login_or_javascript_required,,True,False,"Ссылка существует, но публичное чтение ограничено авторизацией или JavaScript. Активные факты подтверждаются публичным источником."
https://aspirantura.itmo.ru/ru/postuplenie/postuplenie-aspirantov/postuplenie-aspirantov-2026/pravila-priema-2026,SRC_ITMO_PHD_ADMISSION_2026,2026-09-26T11:40:30.570901Z,content_retrieved_recent,,True,True,"Содержимое было получено при полном аудите 26.09.2026; повторная проверка не требовалась, если источник не использовался в спорной карточке."
https://ciep.nsu.ru/admission,SRC_NSU_ADMISSION,2026-09-29T00:00:00Z,content_retrieved_current,,True,True,Публичная официальная страница проверена; ключевые этапы поступления доступны.
https://ciep.nsu.ru/chavo,SRC_NSU_FAQ,2026-09-29T00:00:00Z,content_retrieved_current_core,,True,True,Публичная официальная страница проверена; быстро меняющиеся цены исключаются.
https://ciep.nsu.ru/kakpostupit,SRC_NSU_ADMISSION,2026-09-26T11:30:00.761040Z,content_retrieved_recent,,True,True,"Содержимое было получено при полном аудите 26.09.2026; повторная проверка не требовалась, если источник не использовался в спорной карточке."
https://ciep.nsu.ru/kontakti,SRC_NSU_CONTACT,2026-09-26T11:30:00.761040Z,content_retrieved_recent,,True,True,"Содержимое было получено при полном аудите 26.09.2026; повторная проверка не требовалась, если источник не использовался в спорной карточке."
https://ciep.nsu.ru/oplatangu,SRC_NSU_PAYMENT,2026-09-29T00:00:00Z,content_retrieved_current,,True,True,Публичная официальная страница проверена; срок оплаты определяется договором.
https://ciep.nsu.ru/prozhivanie,SRC_NSU_HOUSING,2026-09-29T00:00:00Z,content_retrieved_current_core,,True,True,Публичная официальная страница проверена; цены не фиксируются как неизменяемые.
https://education.nsu.ru/freshmen,SRC_NSU_FRESHMEN,2026-09-26T11:30:00.761040Z,content_retrieved_recent,,True,True,"Содержимое было получено при полном аудите 26.09.2026; повторная проверка не требовалась, если источник не использовался в спорной карточке."
https://eec.eaeunion.org/upload/files/paos/library/spreads.pdf,SRC_EAEU,2026-09-26T07:54:30Z,content_retrieved_recent,,True,True,"Содержимое было получено при полном аудите 26.09.2026; повторная проверка не требовалась, если источник не использовался в спорной карточке."
https://en.tsu.ru/international_cooperation/visa_to_russia.php,SRC_TSU_VISA_TO_RUSSIA_CURRENT,2026-09-29T00:00:00Z,content_retrieved_current,,True,True,Официальная страница ТГУ проверена; визовый маршрут и срок оформления приглашения опубликованы.
https://eng.mipt.ru/docs/preparatory_faq/Application_for_Leaving_the_Dormitory.pdf,SRC_MIPT_LEAVE_FORM,2026-09-26T08:43:03.629789Z,content_retrieved_recent,,True,True,"Содержимое было получено при полном аудите 26.09.2026; повторная проверка не требовалась, если источник не использовался в спорной карточке."
https://eng.mipt.ru/info/preparatory_faq/,SRC_MIPT_PREP,2026-09-26T08:43:03.629789Z,content_retrieved_recent,,True,True,"Содержимое было получено при полном аудите 26.09.2026; повторная проверка не требовалась, если источник не использовался в спорной карточке."
https://eng.mipt.ru/info/preparatory_faq/docs/Application%20for%20Russian%20visa.pdf,SRC_MIPT_VISA_FORM,2026-09-26T08:43:03.629789Z,content_retrieved_recent,,True,True,"Содержимое было получено при полном аудите 26.09.2026; повторная проверка не требовалась, если источник не использовался в спорной карточке."
https://english.nsu.ru/,SRC_NSU_MAIN_UNAVAILABLE,2026-09-29T00:00:00Z,access_forbidden_to_checker,https://ciep.nsu.ru/admission,True,False,Сервер отвечает 403 инструменту; для активного маршрута используется доступная официальная страница ЦМУП.
https://epp.genproc.gov.ru/ru/dvtp/activity/legal-education/explain/e5887732/,SRC_AUDIT_HOST,2026-09-26T07:54:30Z,content_retrieved_recent,,True,True,"Содержимое было получено при полном аудите 26.09.2026; повторная проверка не требовалась, если источник не использовался в спорной карточке."
https://epp.genproc.gov.ru/ru/proc_02/activity/legal-education/explain/e93627/,SRC_AUDIT_REG_COMPARE,2026-09-26T07:54:30Z,content_retrieved_recent,,True,True,"Содержимое было получено при полном аудите 26.09.2026; повторная проверка не требовалась, если источник не использовался в спорной карточке."
https://epp.genproc.gov.ru/ru/proc_32/activity/legal-education/explain/e298110/,SRC_HEALTH,2026-09-26T07:54:30Z,content_retrieved_recent,,True,True,"Содержимое было получено при полном аудите 26.09.2026; повторная проверка не требовалась, если источник не использовался в спорной карточке."
https://epp.genproc.gov.ru/ru/proc_33/activity/legal-education/explain/e314670/,SRC_RVPO_GUIDE,2026-09-26T07:54:30Z,content_retrieved_recent,,True,True,"Содержимое было получено при полном аудите 26.09.2026; повторная проверка не требовалась, если источник не использовался в спорной карточке."
https://epp.genproc.gov.ru/ru/proc_50/activity/legal-education/explain/e472548/,SRC_REG_GUIDE,2026-09-26T07:54:30Z,content_retrieved_recent,,True,True,"Содержимое было получено при полном аудите 26.09.2026; повторная проверка не требовалась, если источник не использовался в спорной карточке."
https://epp.genproc.gov.ru/ru/proc_50/activity/legal-education/explain/e8585073/,SRC_MED2026,2026-09-26T07:54:30Z,content_retrieved_recent,,True,True,"Содержимое было получено при полном аудите 26.09.2026; повторная проверка не требовалась, если источник не использовался в спорной карточке."
https://epp.genproc.gov.ru/ru/proc_51/activity/legal-education/explain/e493308/,SRC_WORK_STUDENT,2026-09-26T07:54:30Z,content_retrieved_recent,,True,True,"Содержимое было получено при полном аудите 26.09.2026; повторная проверка не требовалась, если источник не использовался в спорной карточке."
https://epp.genproc.gov.ru/ru/proc_57/activity/legal-education/explain/e8572368/,SRC_MED2026_2,2026-09-26T07:54:30Z,content_retrieved_recent,,True,True,"Содержимое было получено при полном аудите 26.09.2026; повторная проверка не требовалась, если источник не использовался в спорной карточке."
https://epp.genproc.gov.ru/ru/proc_64/activity/legal-education/explain/e677934/,SRC_FINGERPRINT,2026-09-26T07:54:30Z,content_retrieved_recent,,True,True,"Содержимое было получено при полном аудите 26.09.2026; повторная проверка не требовалась, если источник не использовался в спорной карточке."
https://epp.genproc.gov.ru/ru/proc_66/activity/legal-education/explain/e1217136/,SRC_AUDIT_REG_CONFLICT,2026-09-26T07:54:30Z,content_retrieved_recent,,True,True,"Содержимое было получено при полном аудите 26.09.2026; повторная проверка не требовалась, если источник не использовался в спорной карточке."
https://epp.genproc.gov.ru/ru/proc_76/activity/legal-education/explain/e1958283/,SRC_STUDENT_EXTEND,2026-09-26T07:54:30Z,content_retrieved_recent,,True,True,"Содержимое было получено при полном аудите 26.09.2026; повторная проверка не требовалась, если источник не использовался в спорной карточке."
https://epp.genproc.gov.ru/ru/proc_77/activity/legal-education/prokuratura-questions/e2008308/,SRC_AUDIT_BY,2026-09-26T07:54:30Z,content_retrieved_recent,,True,True,"Содержимое было получено при полном аудите 26.09.2026; повторная проверка не требовалась, если источник не использовался в спорной карточке."
https://events.nsu.ru/open_doors/en/,SRC_NSU_SUPPORT,2026-09-26T11:30:00.761040Z,content_retrieved_recent,,True,True,"Содержимое было получено при полном аудите 26.09.2026; повторная проверка не требовалась, если источник не использовался в спорной карточке."
https://forms.yandex.ru/cloud/6a83d1ff6d2d735ae991e21d,SRC_TSU_FORM,2026-09-29T00:00:00Z,javascript_required,https://forms.yandex.ru/cloud/6a83d1ff6d2d735ae991e21d/,True,False,"Форма существует, для работы требуется JavaScript."
https://ggf.tsu.ru/obyavleniya/Prohozhdenie_medicinskogo_osvidetelstvovaniya/,SRC_TSU_MEDICAL,2026-09-26T11:37:54.661491Z,content_retrieved_recent,,True,True,"Содержимое было получено при полном аудите 26.09.2026; повторная проверка не требовалась, если источник не использовался в спорной карточке."
https://ggf.tsu.ru/studentam/inostrannymstudentam/,SRC_TSU_FOREIGN_STUDENTS_2026;SRC_TSU_GGF,2026-09-29T00:00:00Z,content_retrieved_current_2026,,True,True,Официальная страница подразделения ТГУ проверена; правила и пошлины 2026 года опубликованы.
https://globaluni.mipt.ru/sveden/objects/,SRC_MIPT_HOUSING,2026-09-26T08:43:03.629789Z,content_retrieved_recent,,True,True,"Содержимое было получено при полном аудите 26.09.2026; повторная проверка не требовалась, если источник не использовался в спорной карточке."
https://government.ru/docs/all/157204/,SRC_RKL,2026-09-29T00:00:00Z,official_host_timeout_not_dead,,True,False,Официальный хост не отдал содержимое инструменту (timeout/403/502). Ссылка не объявляется битой; активные факты используют доступный официальный или нормативный дубль.
https://government.ru/docs/all/159135/,SRC_AMINA121,2026-09-29T00:00:00Z,official_host_timeout_not_dead,,True,False,Официальный хост не отдал содержимое инструменту (timeout/403/502). Ссылка не объявляется битой; активные факты используют доступный официальный или нормативный дубль.
https://government.ru/docs/all/96196/?page=7,SRC_LAW114,2026-09-29T00:00:00Z,official_host_timeout_not_dead,,True,False,Официальный хост не отдал содержимое инструменту (timeout/403/502). Ссылка не объявляется битой; активные факты используют доступный официальный или нормативный дубль.
https://government.ru/docs/all/97329/,SRC_LAW115,2026-09-29T00:00:00Z,official_host_timeout_not_dead,,True,False,Официальный хост не отдал содержимое инструменту (timeout/403/502). Ссылка не объявляется битой; активные факты используют доступный официальный или нормативный дубль.
https://government.ru/docs/all/97329/?page=9,SRC_VNH_NOTICE,2026-09-29T00:00:00Z,official_host_timeout_not_dead,,True,False,Официальный хост не отдал содержимое инструменту (timeout/403/502). Ссылка не объявляется битой; активные факты используют доступный официальный или нормативный дубль.
https://guide.spbu.ru/dormitory,SRC_SPBU_DORM,2026-09-26T11:34:43.776826Z,content_retrieved_recent,,True,True,"Содержимое было получено при полном аудите 26.09.2026; повторная проверка не требовалась, если источник не использовался в спорной карточке."
https://guide.spbu.ru/dormitory/pamyatka-dormitory,SRC_SPBU_DORM_RULES,2026-09-26T11:34:43.776826Z,content_retrieved_recent,,True,True,"Содержимое было получено при полном аудите 26.09.2026; повторная проверка не требовалась, если источник не использовался в спорной карточке."
https://guide.spbu.ru/foreigner,SRC_SPBU_GUIDE,2026-09-26T11:34:43.776826Z,content_retrieved_recent,,True,True,"Содержимое было получено при полном аудите 26.09.2026; повторная проверка не требовалась, если источник не использовался в спорной карточке."
https://helpdesk.itmo.ru/,,2026-09-29T00:00:00Z,checker_access_failed_not_used_as_sole_evidence,,True,False,Инструмент не получил содержимое; ссылка не используется как единственное основание активного факта.
https://iaas.msu.ru/inostrannym-studentam/vizovo-migraczionnye-voprosy/,SRC_MSU_IAAS,2026-09-26T08:36:33.319008Z,content_retrieved_recent,,True,True,"Содержимое было получено при полном аудите 26.09.2026; повторная проверка не требовалась, если источник не использовался в спорной карточке."
https://id.itmo.ru/login,,2026-09-29T00:00:00Z,login_required,,True,False,Страница авторизации доступна.
https://ifea.spbu.ru/images/2023/rvpo_ru.pdf,SRC_SPBU_RVPO,2026-09-29T00:00:00Z,access_forbidden_to_checker,https://guide.spbu.ru/foreigner,True,False,Сервер отвечает 403 инструменту; активный маршрут опирается на официальный Guide SPbU.
https://ifea.spbu.ru/images/pamyatka_in_2025_ru.pdf,SRC_SPBU_MEMO,2026-09-29T00:00:00Z,access_forbidden_to_checker,https://guide.spbu.ru/foreigner,True,False,Сервер отвечает 403 инструменту; документ 2025 года не используется как текущий.
https://ifea.spbu.ru/контакты/86-otdel-mezhdunarodnoj-deyatelnosti.html,SRC_SPBU_INTERNATIONAL,2026-09-29T00:00:00Z,access_forbidden_to_checker,https://guide.spbu.ru/foreigner,True,False,Сервер отвечает 403 инструменту; активный маршрут опирается на официальный Guide SPbU.
https://int.itmo.ru/ru/bachelors_programs,SRC_ITMO_BACHELOR,2026-09-26T11:40:30.570901Z,content_retrieved_recent,,True,True,"Содержимое было получено при полном аудите 26.09.2026; повторная проверка не требовалась, если источник не использовался в спорной карточке."
https://int.itmo.ru/ru/faq,SRC_ITMO_FAQ,2026-09-26T11:40:30.570901Z,content_retrieved_recent,,True,True,"Содержимое было получено при полном аудите 26.09.2026; повторная проверка не требовалась, если источник не использовался в спорной карточке."
https://int.itmo.ru/ru/how_to_work_at_itmo,SRC_ITMO_STAFF_WORK,2026-09-26T11:40:30.570901Z,content_retrieved_recent,,True,True,"Содержимое было получено при полном аудите 26.09.2026; повторная проверка не требовалась, если источник не использовался в спорной карточке."
https://int.itmo.ru/ru/important_documents,SRC_ITMO_MIGRATION,2026-09-26T11:40:30.570901Z,content_retrieved_recent,,True,True,"Содержимое было получено при полном аудите 26.09.2026; повторная проверка не требовалась, если источник не использовался в спорной карточке."
https://international.msu.ru/after,SRC_MSU_AFTER,2026-09-26T08:36:33.319008Z,content_retrieved_recent,,True,True,"Содержимое было получено при полном аудите 26.09.2026; повторная проверка не требовалась, если источник не использовался в спорной карточке."
https://international.msu.ru/arrival,SRC_MSU_ARRIVAL,2026-09-26T08:36:33.319008Z,content_retrieved_recent,,True,True,"Содержимое было получено при полном аудите 26.09.2026; повторная проверка не требовалась, если источник не использовался в спорной карточке."
https://international.msu.ru/before,SRC_MSU_BEFORE,2026-09-26T08:36:33.319008Z,content_retrieved_recent,,True,True,"Содержимое было получено при полном аудите 26.09.2026; повторная проверка не требовалась, если источник не использовался в спорной карточке."
https://international.msu.ru/faculties,SRC_MSU_FACULTIES,2026-09-26T08:36:33.319008Z,content_retrieved_recent,,True,True,"Содержимое было получено при полном аудите 26.09.2026; повторная проверка не требовалась, если источник не использовался в спорной карточке."
https://international.msu.ru/healthcare,SRC_MSU_HEALTH,2026-09-26T08:36:33.319008Z,content_retrieved_recent,,True,True,"Содержимое было получено при полном аудите 26.09.2026; повторная проверка не требовалась, если источник не использовался в спорной карточке."
https://itmo.id/,,2026-09-29T00:00:00Z,redirect_to_login,https://id.itmo.ru/login,True,False,Официальный адрес перенаправляет на ITMO ID.
https://ivisa.hse.ru/,SRC_HSE_CENTER,2026-09-26T11:26:55.858077Z,content_retrieved_recent,,True,True,"Содержимое было получено при полном аудите 26.09.2026; повторная проверка не требовалась, если источник не использовался в спорной карточке."
https://ivisa.hse.ru/bamacis3,SRC_HSE_STAY,2026-09-26T11:26:55.858077Z,content_retrieved_recent,,True,True,"Содержимое было получено при полном аудите 26.09.2026; повторная проверка не требовалась, если источник не использовался в спорной карточке."
https://ivisa.hse.ru/faq,SRC_HSE_FAQ,2026-09-26T11:26:55.858077Z,content_retrieved_recent,,True,True,"Содержимое было получено при полном аудите 26.09.2026; повторная проверка не требовалась, если источник не использовался в спорной карточке."
https://ivisa.hse.ru/rvpo,SRC_HSE_RVPO,2026-09-26T11:26:55.858077Z,content_retrieved_recent,,True,True,"Содержимое было получено при полном аудите 26.09.2026; повторная проверка не требовалась, если источник не использовался в спорной карточке."
https://kpfu.ru/chelny/international-activities/pravila-prebyvaniya-inostrannyh-grazhdan-na/prodlenie-rossijskoj-vizy/prodlenie-rossijskoj-vizy-403821.html,SRC_KFU_CHELNY,2026-09-29T00:00:00Z,content_retrieved_current_with_stale_fee,,True,True,Окно 90–45 дней подтверждено; сумма 1 600 ₽ исключена.
https://kpfu.ru/chelny/international-activities/pravila-prebyvaniya-inostrannyh-grazhdan/prodlenie-rossijskoj-vizy,SRC_KFU_CHELNY,2026-09-26T11:43:51.618487Z,content_retrieved_recent,,True,True,"Содержимое было получено при полном аудите 26.09.2026; повторная проверка не требовалась, если источник не использовался в спорной карточке."
https://kpfu.ru/international/inostrannomu-studentu,SRC_KFU_STUDENT,2026-09-26T11:43:51.618487Z,content_retrieved_recent,,True,True,"Содержимое было получено при полном аудите 26.09.2026; повторная проверка не требовалась, если источник не использовался в спорной карточке."
https://kpfu.ru/international/migracionnoe-soprovozhdenie-inostrannyh-grazhdan/,SRC_KFU_INDEX,2026-09-26T11:43:51.618487Z,content_retrieved_recent,,True,True,"Содержимое было получено при полном аудите 26.09.2026; повторная проверка не требовалась, если источник не использовался в спорной карточке."
https://kpfu.ru/international/migracionnoe-soprovozhdenie-inostrannyh-grazhdan/bezvizovyi-vjezd,SRC_KFU_FREE_ENTRY,2026-09-26T11:43:51.618487Z,content_retrieved_recent,,True,True,"Содержимое было получено при полном аудите 26.09.2026; повторная проверка не требовалась, если источник не использовался в спорной карточке."
https://kpfu.ru/international/migracionnoe-soprovozhdenie-inostrannyh-grazhdan/daktiloskopiya-i-medicinskoe-osvidetelstvovanie,SRC_KFU_MEDICAL,2026-09-26T11:43:51.618487Z,content_retrieved_recent,,True,True,"Содержимое было получено при полном аудите 26.09.2026; повторная проверка не требовалась, если источник не использовался в спорной карточке."
https://kpfu.ru/international/migracionnoe-soprovozhdenie-inostrannyh-grazhdan/prodlenie-odnokratnoj-i-mnogokratnoj-vizy-118896,SRC_KFU_VISA,2026-09-26T11:43:51.618487Z,content_retrieved_recent,,True,True,"Содержимое было получено при полном аудите 26.09.2026; повторная проверка не требовалась, если источник не использовался в спорной карточке."
https://kpfu.ru/international/migracionnoe-soprovozhdenie-inostrannyh-grazhdan/rvpo,SRC_KFU_RVPO,2026-09-26T11:43:51.618487Z,content_retrieved_recent,,True,True,"Содержимое было получено при полном аудите 26.09.2026; повторная проверка не требовалась, если источник не использовался в спорной карточке."
https://kpfu.ru/international/migracionnoe-soprovozhdenie-inostrannyh-grazhdan/vizovyi-vjezd,SRC_KFU_VISA_ENTRY,2026-09-26T11:43:51.618487Z,content_retrieved_recent,,True,True,"Содержимое было получено при полном аудите 26.09.2026; повторная проверка не требовалась, если источник не использовался в спорной карточке."
https://kpfu.ru/invitations,SRC_KFU_INVITE,2026-09-26T11:43:51.618487Z,content_retrieved_recent,,True,True,"Содержимое было получено при полном аудите 26.09.2026; повторная проверка не требовалась, если источник не использовался в спорной карточке."
https://lk.hse.ru/student-service/student-service-first?components=23813,SRC_HSE_RECORD,2026-09-29T00:00:00Z,javascript_required,,True,False,"Официальный личный кабинет доступен, но требует JavaScript."
https://lk.rudn.ru/,SRC_RUDN_PORTAL,2026-09-29T00:00:00Z,login_or_access_restricted,https://www.rudn.ru/life/multifunctional-center,True,False,Личный кабинет закрыт для инструмента; публичные процедуры МФЦ РУДН доступны.
https://mephi.ru/foreign-nationals/fingerprinting,SRC_MEPHI_FINGER,2026-09-29T00:00:00Z,content_retrieved_stale_deadline,,True,False,"Страница доступна, но срок 90 дней устарел относительно федерального правила с 01.09.2026."
https://mephi.ru/foreign-nationals/student/hostel-rules,SRC_MEPHI_HOSTEL_INDEX,2026-09-26T08:40:44.639146Z,content_retrieved_recent,,True,True,"Содержимое было получено при полном аудите 26.09.2026; повторная проверка не требовалась, если источник не использовался в спорной карточке."
https://mephi.ru/foreign-nationals/visa-application,SRC_MEPHI_ARRIVAL,2026-09-26T08:40:44.639146Z,content_retrieved_recent,,True,True,"Содержимое было получено при полном аудите 26.09.2026; повторная проверка не требовалась, если источник не использовался в спорной карточке."
https://mephi.ru/foreign-nationals/visa/stud,SRC_MEPHI_STUD,2026-09-26T08:40:44.639146Z,content_retrieved_recent,,True,True,"Содержимое было получено при полном аудите 26.09.2026; повторная проверка не требовалась, если источник не использовался в спорной карточке."
https://mephi.ru/foreign-nationals/visa/visa-entr,SRC_MEPHI_INVITE,2026-09-26T08:40:44.639146Z,content_retrieved_recent,,True,True,"Содержимое было получено при полном аудите 26.09.2026; повторная проверка не требовалась, если источник не использовался в спорной карточке."
https://mephi.ru/foreign-students-feedback,SRC_MEPHI_FEEDBACK,2026-09-26T08:40:44.639146Z,content_retrieved_recent,,True,True,"Содержимое было получено при полном аудите 26.09.2026; повторная проверка не требовалась, если источник не использовался в спорной карточке."
https://mephi.ru/node/19028,SRC_MEPHI_HOUSING,2026-09-26T08:40:44.639146Z,content_retrieved_recent,,True,True,"Содержимое было получено при полном аудите 26.09.2026; повторная проверка не требовалась, если источник не использовался в спорной карточке."
https://mfa.tj/ru/main/view/211/soglashenie-o-prebyvanii-grazhdan-tadzhikistana-v-rossii-vstupilo-v-silu,SRC_TJ_TREATY,2026-09-29T00:00:00Z,official_host_timeout_not_dead,,True,False,Официальный хост не отдал содержимое инструменту (timeout/403/502). Ссылка не объявляется битой; активные факты используют доступный официальный или нормативный дубль.
https://minobrnauki.gov.ru/documents/?ELEMENT_ID=98245,SRC_QUOTA,2026-09-29T00:00:00Z,official_host_timeout_not_dead,,True,False,Официальный хост не отдал содержимое инструменту (timeout/403/502). Ссылка не объявляется битой; активные факты используют доступный официальный или нормативный дубль.
https://minobrnauki.gov.ru/press-center/news/?ELEMENT_ID=49790,SRC_RECOGNITION,2026-09-29T00:00:00Z,official_host_timeout_not_dead,,True,False,Официальный хост не отдал содержимое инструменту (timeout/403/502). Ссылка не объявляется битой; активные факты используют доступный официальный или нормативный дубль.
https://minobrnauki.gov.ru/press-center/news/novosti-ministerstva/54986/,SRC_RVPO,2026-09-29T00:00:00Z,official_host_timeout_not_dead,,True,False,Официальный хост не отдал содержимое инструменту (timeout/403/502). Ссылка не объявляется битой; активные факты используют доступный официальный или нормативный дубль.
https://mintrans.gov.ru/press-center/news/11605,SRC_BORDER_BIO,2026-09-26T07:54:30Z,content_retrieved_recent,,True,True,"Содержимое было получено при полном аудите 26.09.2026; повторная проверка не требовалась, если источник не использовался в спорной карточке."
https://my.itmo.ru/,,2026-09-29T00:00:00Z,login_required,https://my.itmo.ru/login?redirect=/,True,False,Личный кабинет существует и перенаправляет на авторизацию.
https://my.itmo.ru/login?redirect=/,,2026-09-29T00:00:00Z,login_required,,True,False,Страница авторизации доступна.
https://my.itmo.ru/login?redirect=/requests,,2026-09-29T00:00:00Z,checker_access_failed_not_used_as_sole_evidence,,True,False,Инструмент не получил содержимое; ссылка не используется как единственное основание активного факта.
https://my.itmo.ru/login?redirect=/requests/new/4888,,2026-09-29T00:00:00Z,checker_access_failed_not_used_as_sole_evidence,,True,False,Инструмент не получил содержимое; ссылка не используется как единственное основание активного факта.
https://my.itmo.ru/login?redirect=/requests/new/6006,,2026-09-29T00:00:00Z,checker_access_failed_not_used_as_sole_evidence,,True,False,Инструмент не получил содержимое; ссылка не используется как единственное основание активного факта.
https://my.itmo.ru/login?redirect=/requests/new/8308,,2026-09-29T00:00:00Z,checker_access_failed_not_used_as_sole_evidence,,True,False,Инструмент не получил содержимое; ссылка не используется как единственное основание активного факта.
https://my.itmo.ru/login?redirect=/services/dormitories,,2026-09-29T00:00:00Z,checker_access_failed_not_used_as_sole_evidence,,True,False,Инструмент не получил содержимое; ссылка не используется как единственное основание активного факта.
https://my.itmo.ru/requests,,2026-09-29T00:00:00Z,login_required,https://my.itmo.ru/login?redirect=/requests,True,False,Закрытый раздел существует; требуется авторизация.
https://my.itmo.ru/requests/new/4888,,2026-09-29T00:00:00Z,login_required,https://my.itmo.ru/login?redirect=/requests/new/4888,True,False,Закрытая форма существует; требуется авторизация.
https://my.itmo.ru/requests/new/6006,,2026-09-29T00:00:00Z,login_required,https://my.itmo.ru/login?redirect=/requests/new/6006,True,False,Закрытая форма существует; требуется авторизация.
https://my.itmo.ru/requests/new/8308,,2026-09-29T00:00:00Z,login_required,https://my.itmo.ru/login?redirect=/requests/new/8308,True,False,Закрытая форма существует; требуется авторизация.
https://my.itmo.ru/requests/new/8326,,2026-09-29T00:00:00Z,checker_access_failed_not_used_as_sole_evidence,,True,False,Инструмент не получил содержимое; ссылка не используется как единственное основание активного факта.
https://my.itmo.ru/services/dormitories,,2026-09-29T00:00:00Z,login_required,https://my.itmo.ru/login?redirect=/services/dormitories,True,False,Закрытый раздел общежитий существует; требуется авторизация.
https://nic.gov.ru/ru/inworld/countries/China,SRC_CHINA_EDU,2026-09-29T00:00:00Z,official_host_timeout_not_dead,,True,False,Официальный хост не отдал содержимое инструменту (timeout/403/502). Ссылка не объявляется битой; активные факты используют доступный официальный или нормативный дубль.
https://nic.gov.ru/ru/proc/nic,SRC_NIC,2026-09-29T00:00:00Z,official_host_timeout_not_dead,,True,False,Официальный хост не отдал содержимое инструменту (timeout/403/502). Ссылка не объявляется битой; активные факты используют доступный официальный или нормативный дубль.
https://nnov.hse.ru/intnn/istudents/migration,SRC_HSE_NN,2026-09-26T11:26:55.858077Z,content_retrieved_recent,,True,True,"Содержимое было получено при полном аудите 26.09.2026; повторная проверка не требовалась, если источник не использовался в спорной карточке."
https://npd.nalog.ru/,SRC_NPD,2026-09-26T07:54:30Z,content_retrieved_recent,,True,True,"Содержимое было получено при полном аудите 26.09.2026; повторная проверка не требовалась, если источник не использовался в спорной карточке."
https://ok.ru/mvd/topic/160053361683279,SRC_AMINA_MVD,2026-09-26T07:54:30Z,content_retrieved_recent,,True,True,"Содержимое было получено при полном аудите 26.09.2026; повторная проверка не требовалась, если источник не использовался в спорной карточке."
https://perm.hse.ru/istudents/,SRC_HSE_PERM_INDEX,2026-09-26T11:26:55.858077Z,content_retrieved_recent,,True,True,"Содержимое было получено при полном аудите 26.09.2026; повторная проверка не требовалась, если источник не использовался в спорной карточке."
https://perm.hse.ru/istudents/visaregextension,SRC_HSE_PERM_EXTENSION,2026-09-26T11:26:55.858077Z,content_retrieved_recent,,True,True,"Содержимое было получено при полном аудите 26.09.2026; повторная проверка не требовалась, если источник не использовался в спорной карточке."
https://perm.hse.ru/upr/inoffice/intoffice,SRC_HSE_PERM,2026-09-26T11:26:55.858077Z,content_retrieved_recent,,True,True,"Содержимое было получено при полном аудите 26.09.2026; повторная проверка не требовалась, если источник не использовался в спорной карточке."
https://persona.tsu.ru/department/Profile/695,SRC_TSU_CONTACT;SRC_TSU_CURRENT_CONTACTS_2026,2026-09-29T00:00:00Z,content_retrieved_current,,True,True,Публичная официальная страница ТГУ проверена; контакты визовой службы актуальны.
https://philology.tsu.ru/node/4065,SRC_TSU_PHILOLOGY,2026-09-26T11:37:54.661491Z,content_retrieved_recent,,True,True,"Содержимое было получено при полном аудите 26.09.2026; повторная проверка не требовалась, если источник не использовался в спорной карточке."
https://pk.mipt.ru/foreign/,SRC_MIPT_PK,2026-09-26T08:43:03.629789Z,content_retrieved_recent,,True,True,"Содержимое было получено при полном аудите 26.09.2026; повторная проверка не требовалась, если источник не использовался в спорной карточке."
https://pk.mipt.ru/foreign/bachelor_master_phd/,SRC_MIPT_DEGREE,2026-09-26T08:43:03.629789Z,content_retrieved_recent,,True,True,"Содержимое было получено при полном аудите 26.09.2026; повторная проверка не требовалась, если источник не использовался в спорной карточке."
https://publication.pravo.gov.ru/Document/View/0001202211010030,SRC_MED_SUBMIT,2026-09-29T00:00:00Z,official_host_timeout_not_dead,,True,False,Официальный хост не отдал содержимое инструменту (timeout/403/502). Ссылка не объявляется битой; активные факты используют доступный официальный или нормативный дубль.
https://publication.pravo.gov.ru/document/0001202212300036?index=35,SRC_RVPO949,2026-09-29T00:00:00Z,official_host_timeout_not_dead,,True,False,Официальный хост не отдал содержимое инструменту (timeout/403/502). Ссылка не объявляется битой; активные факты используют доступный официальный или нормативный дубль.
https://publication.pravo.gov.ru/document/0001202604280018,SRC_RUID468,2026-09-29T00:00:00Z,official_host_timeout_not_dead,,True,False,Официальный хост не отдал содержимое инструменту (timeout/403/502). Ссылка не объявляется битой; активные факты используют доступный официальный или нормативный дубль.
https://publication.pravo.gov.ru/document/0001202608040017,SRC_FUTURE314,2026-09-29T00:00:00Z,official_host_timeout_not_dead,,True,False,Официальный хост не отдал содержимое инструменту (timeout/403/502). Ссылка не объявляется битой; активные факты используют доступный официальный или нормативный дубль.
https://pvsmvd.ru/docs/100,SRC_INVITATION,2026-09-29T00:00:00Z,official_host_timeout_not_dead,,True,False,Официальный хост не отдал содержимое инструменту (timeout/403/502). Ссылка не объявляется битой; активные факты используют доступный официальный или нормативный дубль.
https://pvsmvd.ru/docs/135,SRC_VISA907,2026-09-29T00:00:00Z,official_host_timeout_not_dead,,True,False,Официальный хост не отдал содержимое инструменту (timeout/403/502). Ссылка не объявляется битой; активные факты используют доступный официальный или нормативный дубль.
https://pvsmvd.ru/docs/136,SRC_RVP,2026-09-29T00:00:00Z,official_host_timeout_not_dead,,True,False,Официальный хост не отдал содержимое инструменту (timeout/403/502). Ссылка не объявляется битой; активные факты используют доступный официальный или нормативный дубль.
https://pvsmvd.ru/docs/156,SRC_REG9,2026-09-29T00:00:00Z,official_host_timeout_not_dead,,True,False,Официальный хост не отдал содержимое инструменту (timeout/403/502). Ссылка не объявляется битой; активные факты используют доступный официальный или нормативный дубль.
https://pvsmvd.ru/docs/57,SRC_PATENT,2026-09-29T00:00:00Z,official_host_timeout_not_dead,,True,False,Официальный хост не отдал содержимое инструменту (timeout/403/502). Ссылка не объявляется битой; активные факты используют доступный официальный или нормативный дубль.
https://pvsmvd.ru/services/140,SRC_VNH,2026-09-29T00:00:00Z,official_host_timeout_not_dead,,True,False,Официальный хост не отдал содержимое инструменту (timeout/403/502). Ссылка не объявляется битой; активные факты используют доступный официальный или нормативный дубль.
https://pvsmvd.ru/services/466,SRC_FINGERPRINT_PVS,2026-09-29T00:00:00Z,official_host_timeout_not_dead,,True,False,Официальный хост не отдал содержимое инструменту (timeout/403/502). Ссылка не объявляется битой; активные факты используют доступный официальный или нормативный дубль.
https://pvsmvd.ru/services/514,SRC_STAY,2026-09-29T00:00:00Z,official_host_timeout_not_dead,,True,False,Официальный хост не отдал содержимое инструменту (timeout/403/502). Ссылка не объявляется битой; активные факты используют доступный официальный или нормативный дубль.
https://roszdravnadzor.gov.ru/spec/medactivities/specialist,SRC_MED_PROFESSION,2026-09-26T07:54:30Z,content_retrieved_recent,,True,True,"Содержимое было получено при полном аудите 26.09.2026; повторная проверка не требовалась, если источник не использовался в спорной карточке."
https://sfr.gov.ru/branches/ryazan/info/~/15426,SRC_AUDIT_SNILS_AGE,2026-09-26T07:54:30Z,content_retrieved_recent,,True,True,"Содержимое было получено при полном аудите 26.09.2026; повторная проверка не требовалась, если источник не использовался в спорной карточке."
https://sfr.gov.ru/grazhdanam/personificirovannyj_uchet/registraciya_i_oformlenie_snils/,SRC_SNILS,2026-09-26T07:54:30Z,content_retrieved_recent,,True,True,"Содержимое было получено при полном аудите 26.09.2026; повторная проверка не требовалась, если источник не использовался в спорной карточке."
https://spb.hse.ru/pochemuchnik/interstud/,SRC_HSE_SPB,2026-09-26T11:26:55.858077Z,content_retrieved_recent,,True,True,"Содержимое было получено при полном аудите 26.09.2026; повторная проверка не требовалась, если источник не использовался в спорной карточке."
https://student.itmo.ru/en/campus/dorms_and_aparts/booking,SRC_ITMO_HOUSING_EN,2026-09-26T11:40:30.570901Z,content_retrieved_recent,,True,True,"Содержимое было получено при полном аудите 26.09.2026; повторная проверка не требовалась, если источник не использовался в спорной карточке."
https://student.itmo.ru/ru/campus/dorms_and_aparts/%40block1410622737,,2026-09-29T00:00:00Z,superseded_fragment_404,https://student.itmo.ru/ru/campus/dorms_and_aparts/booking,False,False,Старый якорь удалён; используется действующая страница бронирования.
https://student.itmo.ru/ru/campus/dorms_and_aparts/%40block1410622738,,2026-09-29T00:00:00Z,superseded_fragment_404,https://student.itmo.ru/ru/campus/dorms_and_aparts/booking,False,False,Старый якорь удалён; используется действующая страница бронирования.
https://student.itmo.ru/ru/campus/dorms_and_aparts/booking,SRC_ITMO_HOUSING_RU,2026-09-26T11:40:30.570901Z,content_retrieved_recent,,True,True,"Содержимое было получено при полном аудите 26.09.2026; повторная проверка не требовалась, если источник не использовался в спорной карточке."
https://student.itmo.ru/ru/contacts,SRC_ITMO_CONTACTS,2026-09-26T11:40:30.570901Z,content_retrieved_recent,,True,True,"Содержимое было получено при полном аудите 26.09.2026; повторная проверка не требовалась, если источник не использовался в спорной карточке."
https://student.itmo.ru/ru/education/status/academic_leave,SRC_ITMO_ACADEMIC_LEAVE,2026-09-26T11:40:30.570901Z,content_retrieved_recent,,True,True,"Содержимое было получено при полном аудите 26.09.2026; повторная проверка не требовалась, если источник не использовался в спорной карточке."
https://student.itmo.ru/ru/education/status/expulsion,SRC_ITMO_EXPULSION,2026-09-26T11:40:30.570901Z,content_retrieved_recent,,True,True,"Содержимое было получено при полном аудите 26.09.2026; повторная проверка не требовалась, если источник не использовался в спорной карточке."
https://student.itmo.ru/ru/services/documents,SRC_ITMO_DOCUMENTS,2026-09-26T11:40:30.570901Z,content_retrieved_recent,,True,True,"Содержимое было получено при полном аудите 26.09.2026; повторная проверка не требовалась, если источник не использовался в спорной карточке."
https://student.itmo.ru/ru/services/health/medicine,SRC_ITMO_MEDICINE,2026-09-26T11:40:30.570901Z,content_retrieved_recent,,True,True,"Содержимое было получено при полном аудите 26.09.2026; повторная проверка не требовалась, если источник не использовался в спорной карточке."
https://studentcenter.tsu.ru/en/housing/,SRC_TSU_HOUSING,2026-09-26T11:37:54.661491Z,content_retrieved_recent,,True,True,"Содержимое было получено при полном аудите 26.09.2026; повторная проверка не требовалась, если источник не использовался в спорной карточке."
https://students.kpfu.ru/universiade-village/population-of-foreigners,SRC_KFU_HOUSING,2026-09-26T11:43:51.618487Z,content_retrieved_recent,,True,True,"Содержимое было получено при полном аудите 26.09.2026; повторная проверка не требовалась, если источник не использовался в спорной карточке."
https://tsu.ru/university/structure/upravl/inter_upr.php?nv=on,SRC_TSU_CONTACT,2026-09-26T11:37:54.661491Z,content_retrieved_recent,,True,True,"Содержимое было получено при полном аудите 26.09.2026; повторная проверка не требовалась, если источник не использовался в спорной карточке."
https://www.edc.tsu.ru/en/visa,SRC_TSU_VISA,2026-09-26T11:37:54.661491Z,content_retrieved_recent,,True,True,"Содержимое было получено при полном аудите 26.09.2026; повторная проверка не требовалась, если источник не использовался в спорной карточке."
https://www.gosuslugi.ru/help/faq/sim_foreigners/252850,SRC_SIM_GOS,2026-09-29T00:00:00Z,javascript_required,,True,False,"Официальный портал доступен, содержимое загружается клиентским JavaScript."
https://www.gov.kz/memleket/entities/mfa-kazan/press/article/details/13897?lang=ru,SRC_KZ_TREATY,2026-09-26T07:54:30Z,content_retrieved_recent,,True,True,"Содержимое было получено при полном аудите 26.09.2026; повторная проверка не требовалась, если источник не использовался в спорной карточке."
https://www.gov.spb.ru/gov/terr/reg_admiral/news/49730/,SRC_TJ_RU,2026-09-29T00:00:00Z,official_host_timeout_not_dead,,True,False,Официальный хост не отдал содержимое инструменту (timeout/403/502). Ссылка не объявляется битой; активные факты используют доступный официальный или нормативный дубль.
https://www.kdmid.ru/cons/visas/,SRC_VISA,2026-09-26T07:54:30Z,content_retrieved_recent,,True,True,"Содержимое было получено при полном аудите 26.09.2026; повторная проверка не требовалась, если источник не использовался в спорной карточке."
https://www.kdmid.ru/cons/visas/conditions-of-entry-foreign-citizens-in-russian-federation/,SRC_ENTRY_TABLE,2026-09-26T07:54:30Z,content_retrieved_recent,,True,True,"Содержимое было получено при полном аудите 26.09.2026; повторная проверка не требовалась, если источник не использовался в спорной карточке."
https://www.kdmid.ru/cons/visas/migration-card/,SRC_CARD,2026-09-26T07:54:30Z,content_retrieved_recent,,True,True,"Содержимое было получено при полном аудите 26.09.2026; повторная проверка не требовалась, если источник не использовался в спорной карточке."
https://www.kremlin.ru/acts/bank/24033/print,SRC_LAW109,2026-09-29T00:00:00Z,official_host_timeout_not_dead,,True,False,Официальный хост не отдал содержимое инструменту (timeout/403/502). Ссылка не объявляется битой; активные факты используют доступный официальный или нормативный дубль.
https://www.mgfoms.ru/chastnye-lica/poluchenie-i-zamena/poluchenie-polisa-oms/inostrannye-grazhdane/,SRC_OMS,2026-09-26T07:54:30Z,content_retrieved_recent,,True,True,"Содержимое было получено при полном аудите 26.09.2026; повторная проверка не требовалась, если источник не использовался в спорной карточке."
https://www.mgfoms.ru/chastnye-lica/poluchenie-i-zamena/poluchenie-polisa-oms/trudyashchiesya-inostrannye-grazhdane/,SRC_OMS_WORK,2026-09-26T07:54:30Z,content_retrieved_recent,,True,True,"Содержимое было получено при полном аудите 26.09.2026; повторная проверка не требовалась, если источник не использовался в спорной карточке."
https://www.minobrnauki.gov.ru/press-center/news/novosti-ministerstva/57094/,SRC_RVPO_TRANSFER,2026-09-29T00:00:00Z,official_host_timeout_not_dead,,True,False,Официальный хост не отдал содержимое инструменту (timeout/403/502). Ссылка не объявляется битой; активные факты используют доступный официальный или нормативный дубль.
https://www.mintrans.gov.ru/press-center/branch-news/7162,SRC_RUID,2026-09-26T07:54:30Z,content_retrieved_recent,,True,True,"Содержимое было получено при полном аудите 26.09.2026; повторная проверка не требовалась, если источник не использовался в спорной карточке."
https://www.mos.ru/upload/documents/files/1478/Okazanieradiotelefonnihyslygpodvijnoiradiotelefonnoisvyazivtomchisleinostrannimgrajdanamilicambezgrajdanstva.pdf,SRC_SIM,2026-09-26T07:54:30Z,content_retrieved_recent,,True,True,"Содержимое было получено при полном аудите 26.09.2026; повторная проверка не требовалась, если источник не использовался в спорной карточке."
https://www.mvdmedia.ru/news/official/irina-volk-prodolzhaet-rabotu-reestr-kontroliruemykh-lits/,SRC_RKL_SERVICE,2026-09-26T07:54:30Z,content_retrieved_recent,,True,True,"Содержимое было получено при полном аудите 26.09.2026; повторная проверка не требовалась, если источник не использовался в спорной карточке."
https://www.nalog.gov.ru/rn77/ip/interest/dual_nationality/confirm_status/,SRC_TAX_RESIDENCE,2026-09-26T07:54:30Z,content_retrieved_recent,,True,True,"Содержимое было получено при полном аудите 26.09.2026; повторная проверка не требовалась, если источник не использовался в спорной карточке."
https://www.nalog.gov.ru/rn77/related_activities/accounting/recording_individuals/,SRC_INN,2026-09-26T07:54:30Z,content_retrieved_recent,,True,True,"Содержимое было получено при полном аудите 26.09.2026; повторная проверка не требовалась, если источник не использовался в спорной карточке."
https://www.nalog.gov.ru/rn77/taxation/taxes/ndfl/ndfl_fl/,SRC_NDFL,2026-09-26T07:54:30Z,content_retrieved_recent,,True,True,"Содержимое было получено при полном аудите 26.09.2026; повторная проверка не требовалась, если источник не использовался в спорной карточке."
https://www.rudn.ru/life/accomodation,SRC_RUDN_HOUSING,2026-09-26T11:47:31.010529Z,content_retrieved_recent,,True,True,"Содержимое было получено при полном аудите 26.09.2026; повторная проверка не требовалась, если источник не использовался в спорной карточке."
https://www.rudn.ru/life/multifunctional-center,SRC_RUDN_MFC,2026-09-26T11:47:31.010529Z,content_retrieved_recent,,True,True,"Содержимое было получено при полном аудите 26.09.2026; повторная проверка не требовалась, если источник не использовался в спорной карточке."
https://www.rudn.ru/life/multifunctional-center/uslugi-mfc-rudn/komplekt-dokumentov-dlya-razresheniya-na-vremennoe-projivanie-v-celyah-polucheniya-obrazovaniya-rvpo,SRC_RUDN_RVPO,2026-09-26T11:47:31.010529Z,content_retrieved_recent,,True,True,"Содержимое было получено при полном аудите 26.09.2026; повторная проверка не требовалась, если источник не использовался в спорной карточке."
https://www.rudn.ru/life/multifunctional-center/uslugi-mfc-rudn/oformlenie-hodataystva-o-postanovke-na-migracionnyy-uchet,SRC_RUDN_PETITION,2026-09-26T11:47:31.010529Z,content_retrieved_recent,,True,True,"Содержимое было получено при полном аудите 26.09.2026; повторная проверка не требовалась, если источник не использовался в спорной карточке."
https://www.rudn.ru/life/multifunctional-center/uslugi-mfc-rudn/oformlenie-snils,SRC_RUDN_SNILS,2026-09-26T11:47:31.010529Z,content_retrieved_recent,,True,True,"Содержимое было получено при полном аудите 26.09.2026; повторная проверка не требовалась, если источник не использовался в спорной карточке."
https://www.rudn.ru/life/multifunctional-center/uslugi-mfc-rudn/postanovka-na-pervichnyy-migracionnyy-uchet-dlya-stran-s-vizovymbezvizovym-rejimom,SRC_RUDN_PRIMARY,2026-09-26T11:47:31.010529Z,content_retrieved_recent,,True,True,"Содержимое было получено при полном аудите 26.09.2026; повторная проверка не требовалась, если источник не использовался в спорной карточке."
https://www.rudn.ru/life/multifunctional-center/uslugi-mfc-rudn/priem-dokumentov-dlya-prodleniya-mnogokratnoy-vizy,SRC_RUDN_VISA,2026-09-26T11:47:31.010529Z,content_retrieved_recent,,True,True,"Содержимое было получено при полном аудите 26.09.2026; повторная проверка не требовалась, если источник не использовался в спорной карточке."
https://www.rudn.ru/life/multifunctional-center/uslugi-mfc-rudn/prodlenie-migracionnogo-ucheta-dlya-stran-s-vizovymbezvizovym-rejimom,SRC_RUDN_EXTEND,2026-09-26T11:47:31.010529Z,content_retrieved_recent,,True,True,"Содержимое было получено при полном аудите 26.09.2026; повторная проверка не требовалась, если источник не использовался в спорной карточке."
https://www.rudn.ru/life/multifunctional-center/uslugi-mfc-rudn/vosstanovlenie-migracionnoy-karty,SRC_RUDN_CARD,2026-09-26T11:47:31.010529Z,content_retrieved_recent,,True,True,"Содержимое было получено при полном аудите 26.09.2026; повторная проверка не требовалась, если источник не использовался в спорной карточке."
https://www.rudn.ru/life/multifunctional-center/uslugi-mfc-rudn/vosstanovlenie-otryvnoy-chasti-blanka-uvedomleniya-o-pribytii-inostrannogo-grajdanina,SRC_RUDN_DUPLICATE,2026-09-26T11:47:31.010529Z,content_retrieved_recent,,True,True,"Содержимое было получено при полном аудите 26.09.2026; повторная проверка не требовалась, если источник не использовался в спорной карточке."
https://www.rudn.ru/science/dad/aspirantura/postuplenie,SRC_RUDN_PHD,2026-09-26T11:47:31.010529Z,content_retrieved_recent,,True,True,"Содержимое было получено при полном аудите 26.09.2026; повторная проверка не требовалась, если источник не использовался в спорной карточке."
https://www.uzconsulate.ru/read_uz/21,SRC_UZ_TREATY,2026-09-26T07:54:30Z,content_retrieved_recent,,True,True,"Содержимое было получено при полном аудите 26.09.2026; повторная проверка не требовалась, если источник не использовался в спорной карточке."
https://xn--b1aew.xn--p1ai/rkl,,2026-09-29T00:00:00Z,official_host_timeout_not_dead,,True,False,Официальный хост не отдал содержимое инструменту (timeout/403/502). Ссылка не объявляется битой; активные факты используют доступный официальный или нормативный дубль.
