university_id,university_name,record_id,record_type,title,verification_status,deadline_kind,deadline_text,reminder_eligible,do_not_extrapolate,actions,source_ids,verified_urls,excluded_claims,fallback_instruction
UNIV_HSE,НИУ ВШЭ,OVR_HSE_MOSCOW_DUPLICATE,overlay,FED_REGISTRATION_DUPLICATE,confirmed_current,event_based,Выполните действие при наступлении указанного в карточке события; отдельный универсальный числовой срок официально не опубликован.,False,False,Передайте паспорт и документы миграционного учёта паспортисту своего общежития для дубликата.,SRC_HSE_FAQ,https://ivisa.hse.ru/faq,Не использовать 1 920 ₽ как действующую пошлину; на той же официальной странице в актуальном комплекте указано 6 000 ₽.,Покажите пользователю правило-событие и официальный контакт; не создавайте вымышленную календарную дату.
UNIV_HSE,НИУ ВШЭ,OVR_HSE_MOSCOW_NEW_PASSPORT,overlay,FED_ACCOUNTING_DATA_UPDATE,confirmed_current,conditional,Визовый режим: в течение 3 рабочих дней после получения нового паспорта; безвизовый режим: в день получения.,True,False,Предъявите новый паспорт и подтверждение даты его получения визовому центру; копии передайте принимающей стороне.,SRC_HSE_STAY;SRC_HSE_CENTER,https://ivisa.hse.ru/bamacis3;https://ivisa.hse.ru/,,
UNIV_HSE,НИУ ВШЭ,OVR_HSE_MOSCOW_RVPO,overlay,FED_RVPO_APPLY,confirmed_current,event_based,Выполните действие при наступлении указанного в карточке события; отдельный универсальный числовой срок официально не опубликован.,False,False,Закажите учебный пакет для РВПО по ссылке Центра сервиса «Студент». Аспирантские документы выдаёт управление аспирантуры.,SRC_HSE_RVPO,https://ivisa.hse.ru/rvpo,,Покажите пользователю правило-событие и официальный контакт; не создавайте вымышленную календарную дату.
UNIV_HSE,НИУ ВШЭ,OVR_HSE_MOSCOW_VISA,overlay,FED_STUDY_VISA_EXTEND,confirmed_current_with_exclusions,numeric_window,Подать пакет не ранее чем за 90 и не позднее чем за 45 календарных дней до окончания действующей визы.,True,False,"Откройте ссылку записи на визу, выберите приём, затем лично подайте пакет в Центр сервиса «Студент».",SRC_HSE_FAQ;SRC_HSE_CENTER,https://ivisa.hse.ru/faq;https://ivisa.hse.ru/,Сумма 1 920 ₽ из краткого ответа FAQ исключена как противоречащая подробному комплекту документов на той же странице. | Для MVP используется опубликованная в подробном разделе госпошлина 6 000 ₽ и окно подачи 90–45 дней. | Не использовать 1 920 ₽ как действующую пошлину; на той же официальной странице в актуальном комплекте указано 6 000 ₽.,
UNIV_HSE,НИУ ВШЭ,OVR_HSE_NN_HOST,overlay,FED_HOST_DOCUMENTS,confirmed_current,relative_after_event,На следующий рабочий день после прибытия,True,False,Передайте документы для общежития в Отдел международных связей нижегородского кампуса.,SRC_HSE_NN,https://nnov.hse.ru/intnn/istudents/migration,,
UNIV_HSE,НИУ ВШЭ,OVR_HSE_PERM_COLLECT,overlay,FED_STUDY_VISA_COLLECT,confirmed_current,event_based,Выполните действие при наступлении указанного в карточке события; отдельный универсальный числовой срок официально не опубликован.,False,False,После письма о готовности передайте оригинал паспорта международному отделу для проставления визы.,SRC_HSE_PERM_EXTENSION;SRC_HSE_PERM,https://perm.hse.ru/istudents/visaregextension;https://perm.hse.ru/upr/inoffice/intoffice,,Покажите пользователю правило-событие и официальный контакт; не создавайте вымышленную календарную дату.
UNIV_HSE,НИУ ВШЭ,OVR_HSE_PERM_VISA,overlay,FED_STUDY_VISA_EXTEND,confirmed_current,published_relative_rule,Для перехода с однократной визы — не позднее 45 дней до её окончания,True,False,"Передайте в международный отдел заявление, копии паспорта с отметками, миграционную карту, регистрацию, фото 3×4 и квитанцию.",SRC_HSE_PERM_EXTENSION;SRC_HSE_PERM,https://perm.hse.ru/istudents/visaregextension;https://perm.hse.ru/upr/inoffice/intoffice,,
UNIV_HSE,НИУ ВШЭ,OVR_HSE_SPB_HOST,overlay,FED_HOST_DOCUMENTS,confirmed_current,relative_after_event,В день приезда после заселения,True,False,После заселения передайте миграционные документы в ЦВМС и следите за письмом о готовности регистрации.,SRC_HSE_SPB,https://spb.hse.ru/pochemuchnik/interstud/,,
UNIV_HSE,НИУ ВШЭ,OVR_HSE_SPB_STAY,overlay,FED_STAY_PETITION_REQUEST,confirmed_current,relative_before_expiry,Не позднее 30 календарных дней до окончания первичного учёта,True,False,Передайте в ЦВМС документы для продления безвизового пребывания.,SRC_HSE_SPB,https://spb.hse.ru/pochemuchnik/interstud/,,
UNIV_HSE,НИУ ВШЭ,OVR_HSE_SPB_VISA,overlay,FED_STUDY_VISA_EXTEND,confirmed_current,relative_before_expiry,Не ранее трёх месяцев и не позднее 45 календарных дней до окончания визы,True,False,Подайте визовый пакет в ЦВМС петербургского кампуса.,SRC_HSE_SPB,https://spb.hse.ru/pochemuchnik/interstud/,,
UNIV_HSE,НИУ ВШЭ,UNI_HSE_EXTENDED_COPY,university_step,Загрузить в ВШЭ — Москва документы продления,confirmed_current,relative_after_event,Один календарный день после получения документов,True,False,Загрузите карту со штампом продления и новое уведомление в раздел миграционного учёта HSE App X.,SRC_HSE_STAY,https://ivisa.hse.ru/bamacis3,,
UNIV_HSE,НИУ ВШЭ,UNI_HSE_PERM_TRAVEL,university_step,Подать заявление о поездке в ВШЭ — Пермь,confirmed_current,event_based,Выполните действие при наступлении указанного в карточке события; отдельный универсальный числовой срок официально не опубликован.,False,False,"Перед поездкой заполните заявление об отъезде в международном отделе, кабинет 205.",SRC_HSE_PERM_EXTENSION;SRC_HSE_PERM,https://perm.hse.ru/istudents/visaregextension;https://perm.hse.ru/upr/inoffice/intoffice,,Покажите пользователю правило-событие и официальный контакт; не создавайте вымышленную календарную дату.
UNIV_HSE,НИУ ВШЭ,UNI_HSE_RVPO_COPY,university_step,Сообщить ВШЭ — Москва о полученном РВПО,confirmed_current,event_based,Выполните действие при наступлении указанного в карточке события; отдельный универсальный числовой срок официально не опубликован.,False,False,Отправьте сканы РВПО на visa-registration@hse.ru либо через раздел миграционного учёта HSE App X.,SRC_HSE_RVPO,https://ivisa.hse.ru/rvpo,,Покажите пользователю правило-событие и официальный контакт; не создавайте вымышленную календарную дату.
UNIV_HSE,НИУ ВШЭ,UNI_HSE_SPB_PRIVATE_COPY,university_step,Передать частную регистрацию в ВШЭ — Санкт-Петербург,confirmed_current,event_based,Выполните действие при наступлении указанного в карточке события; отдельный универсальный числовой срок официально не опубликован.,False,False,Отправьте двусторонний скан регистрации на migrationspb@hse.ru.,SRC_HSE_SPB,https://spb.hse.ru/pochemuchnik/interstud/,,Покажите пользователю правило-событие и официальный контакт; не создавайте вымышленную календарную дату.
UNIV_ITMO,Университет ИТМО,OVR_ITMO_ACCOUNTING_DATA_UPDATE,overlay,FED_ACCOUNTING_DATA_UPDATE,confirmed_current,published_relative_rule,1 рабочий день,True,False,При новом паспорте сообщите изменившиеся сведения в ОМУ.,SRC_ITMO_MIGRATION,https://int.itmo.ru/ru/important_documents,,
UNIV_ITMO,Университет ИТМО,OVR_ITMO_DMS_CONTRACT,overlay,FED_DMS_CONTRACT,confirmed_event_based,before_enrollment_or_checkin,"Оформите действующий полис до начала обучения/заселения либо в момент, установленный университетом.",False,False,Консультацию о студенческом страховом полисе предоставляет Центр обучения иностранных студентов; проверьте территорию обслуживания.,SRC_ITMO_BACHELOR,https://int.itmo.ru/ru/bachelors_programs,,Покажите пользователю правило-событие и официальный контакт; не создавайте вымышленную календарную дату.
UNIV_ITMO,Университет ИТМО,OVR_ITMO_EDU_RECOGNITION_CHECK,overlay,FED_EDU_RECOGNITION_CHECK,confirmed_campaign_2026,before_application_completion,Проверьте требование до подачи окончательного комплекта документов на поступление.,False,True,Сопоставьте документ с правилами приема ИТМО 2026 для бакалавриата; при подтвержденной необходимости признания включите свидетельство в приемный комплект.,SRC_ITMO_ADMISSION_BACHELOR_2026,https://abit.itmo.ru/page/66,,Покажите пользователю правило-событие и официальный контакт; не создавайте вымышленную календарную дату.
UNIV_ITMO,Университет ИТМО,OVR_ITMO_FINGERPRINT_PHOTO,overlay,FED_FINGERPRINT_PHOTO,confirmed_current,event_based,Выполните действие при наступлении указанного в карточке события; отдельный универсальный числовой срок официально не опубликован.,False,False,ИТМО указывает данный пункт для прохождения процедуры; режим приема и запись публичная инструкция не уточняет.,SRC_ITMO_MIGRATION,https://int.itmo.ru/ru/important_documents,,Покажите пользователю правило-событие и официальный контакт; не создавайте вымышленную календарную дату.
UNIV_ITMO,Университет ИТМО,OVR_ITMO_HOST_DOCUMENTS,overlay,FED_HOST_DOCUMENTS,confirmed_current,relative_to_event,Передать документы в день заселения либо на следующий рабочий день.,True,False,Передайте пакет для учета в ОМУ ИТМО по адресу общежития ИТМО.,SRC_ITMO_MIGRATION;SRC_ITMO_HOUSING_RU,https://int.itmo.ru/ru/important_documents;https://student.itmo.ru/ru/campus/dorms_and_aparts/booking,,
UNIV_ITMO,Университет ИТМО,OVR_ITMO_INVITATION_REQUEST,overlay,FED_INVITATION_REQUEST,confirmed_event_based,university_defined,Подайте полный комплект заранее; точный срок обработки устанавливает университет и зависит от полноты документов.,False,False,После зачисления заполните анкету приглашения с местом получения визы. | Сам бланк анкеты публично не найден; канал сопровождения — int.students@itmo.ru.,SRC_ITMO_FAQ;SRC_ITMO_BACHELOR,https://int.itmo.ru/ru/faq;https://int.itmo.ru/ru/bachelors_programs,,Покажите пользователю правило-событие и официальный контакт; не создавайте вымышленную календарную дату.
UNIV_ITMO,Университет ИТМО,OVR_ITMO_MEDICAL_INITIAL,overlay,FED_MEDICAL_INITIAL,confirmed_current,event_based,Выполните действие при наступлении указанного в карточке события; отдельный универсальный числовой срок официально не опубликован.,False,False,ИТМО указывает данный пункт для прохождения процедуры; режим приема и запись публичная инструкция не уточняет.,SRC_ITMO_MIGRATION,https://int.itmo.ru/ru/important_documents,,Покажите пользователю правило-событие и официальный контакт; не создавайте вымышленную календарную дату.
UNIV_ITMO,Университет ИТМО,OVR_ITMO_STAY_PETITION_REQUEST,overlay,FED_STAY_PETITION_REQUEST,confirmed_current,relative_before_expiry,За 45 дней до окончания регистрации,True,False,Передайте в ОМУ документы для продления; частный адрес не исключает сопровождение срока пребывания.,SRC_ITMO_MIGRATION,https://int.itmo.ru/ru/important_documents,,
UNIV_ITMO,Университет ИТМО,OVR_ITMO_STUDY_VISA_EXTEND,overlay,FED_STUDY_VISA_EXTEND,confirmed_current,relative_before_expiry,"За 1,5 месяца до окончания визы",False,False,Пакет на продление визы передайте ОМУ; платежные реквизиты получите там же.,SRC_ITMO_MIGRATION,https://int.itmo.ru/ru/important_documents,,Покажите пользователю правило-событие и официальный контакт; не создавайте вымышленную календарную дату.
UNIV_ITMO,Университет ИТМО,OVR_ITMO_VISA_APPLY,overlay,FED_VISA_APPLY,confirmed_event_based,authority_defined,"После получения приглашения действуйте в срок, назначенный российским консульством.",False,False,Проверьте письмо с приглашением ИТМО на email из заявления; распечатайте приглашение для консульской подачи.,SRC_ITMO_BACHELOR,https://int.itmo.ru/ru/bachelors_programs,,Покажите пользователю правило-событие и официальный контакт; не создавайте вымышленную календарную дату.
UNIV_ITMO,Университет ИТМО,OVR_ITMO_VNH_APPLY,overlay,FED_VNH_APPLY,confirmed_current,event_based,Выполните действие при наступлении указанного в карточке события; отдельный универсальный числовой срок официально не опубликован.,False,False,"Если для выбранного основания нужны документы ИТМО, закажите в my.itmo справку с места учебы и заверенные копии лицензии/аккредитации.",SRC_ITMO_DOCUMENTS;SRC_ITMO_CONTACTS,https://student.itmo.ru/ru/services/documents;https://student.itmo.ru/ru/contacts,,Покажите пользователю правило-событие и официальный контакт; не создавайте вымышленную календарную дату.
UNIV_ITMO,Университет ИТМО,OVR_ITMO_WORK_STUDY_PROOF,overlay,FED_WORK_STUDY_PROOF,confirmed_current,event_based,Выполните действие при наступлении указанного в карточке события; отдельный универсальный числовой срок официально не опубликован.,False,False,В my.itmo откройте «Заявки» и закажите справку с места учебы для работодателя; получите ее по уведомлению Студенческого офиса.,SRC_ITMO_FAQ;SRC_ITMO_DOCUMENTS;SRC_ITMO_CONTACTS,https://int.itmo.ru/ru/faq;https://student.itmo.ru/ru/services/documents;https://student.itmo.ru/ru/contacts,,Покажите пользователю правило-событие и официальный контакт; не создавайте вымышленную календарную дату.
UNIV_ITMO,Университет ИТМО,UNI_ITMO_ARRIVAL_CARD_COPY,university_step,Передайте ИТМО фото новой миграционной карты,confirmed_current,relative_after_event,Сразу после получения карты,True,False,После получения миграционной карты отправьте ее фотографию сотрудникам ОМУ.,SRC_ITMO_MIGRATION,https://int.itmo.ru/ru/important_documents,,
UNIV_ITMO,Университет ИТМО,UNI_ITMO_CLEARANCE,university_step,Проверьте обходной лист после отчисления,confirmed_current,event_based,Выполните действие при наступлении указанного в карточке события; отдельный универсальный числовой срок официально не опубликован.,False,False,Откройте обходной лист в my.itmo и устраните отмеченные задолженности через указанных ответственных.,SRC_ITMO_EXPULSION,https://student.itmo.ru/ru/education/status/expulsion,,Покажите пользователю правило-событие и официальный контакт; не создавайте вымышленную календарную дату.
UNIV_ITMO,Университет ИТМО,UNI_ITMO_DORM_APPLICANT_REQUEST,university_step,Укажите потребность в общежитии в заявлении на поступление,confirmed_campaign_2026,university_scheduled,Выполните действие в назначенный университетом день или слот заселения.,False,True,При подаче через Госуслуги отметьте потребность в общежитии; затем проверьте сведения в кабинете абитуриента. | В кабинете абитуриента прикрепите медицинские сканы из списка заселения; после зачисления проверяйте очередь в my.itmo.,SRC_ITMO_HOUSING_RU,https://student.itmo.ru/ru/campus/dorms_and_aparts/booking,,Покажите пользователю правило-событие и официальный контакт; не создавайте вымышленную календарную дату.
UNIV_ITMO,Университет ИТМО,UNI_ITMO_DORM_CHECKIN,university_step,Прибудьте на назначенное заселение,confirmed_event_based,university_scheduled,Выполните действие в назначенный университетом день или слот заселения.,False,False,Прибудьте в общежитие в согласованное время с документами; адрес берите из персонального уведомления.,SRC_ITMO_HOUSING_RU;SRC_ITMO_HOUSING_EN,https://student.itmo.ru/ru/campus/dorms_and_aparts/booking;https://student.itmo.ru/en/campus/dorms_and_aparts/booking,,Покажите пользователю правило-событие и официальный контакт; не создавайте вымышленную календарную дату.
UNIV_ITMO,Университет ИТМО,UNI_ITMO_DORM_REQUEST,university_step,Подайте заявку на место в общежитии ИТМО,confirmed_current,event_based,Выполните действие при наступлении указанного в карточке события; отдельный универсальный числовой срок официально не опубликован.,False,False,Подайте заявку через раздел «Общежития» my.itmo; контролируйте состояние очереди.,SRC_ITMO_HOUSING_RU,https://student.itmo.ru/ru/campus/dorms_and_aparts/booking,,Покажите пользователю правило-событие и официальный контакт; не создавайте вымышленную календарную дату.
UNIV_ITMO,Университет ИТМО,UNI_ITMO_DORM_SLOT,university_step,Выберите время заселения в my.itmo,confirmed_current,conditional,"Выбрать слот в течение 48 часов после уведомления; для МСГ — в течение 24 часов, когда это прямо указано в уведомлении.",True,False,Откройте «Общежития» после уведомления о месте и выберите доступные дату и время; сохраните подтверждение.,SRC_ITMO_HOUSING_RU;SRC_ITMO_HOUSING_EN,https://student.itmo.ru/ru/campus/dorms_and_aparts/booking;https://student.itmo.ru/en/campus/dorms_and_aparts/booking,,
UNIV_ITMO,Университет ИТМО,UNI_ITMO_MEDICAL_UPLOAD,university_step,Дополните медицинские сведения в my.itmo,confirmed_campaign_2026,event_based,Выполните действие при наступлении указанного в карточке события; отдельный универсальный числовой срок официально не опубликован.,False,True,"В «Заявках» my.itmo загрузите недостающие медицинские документы. Для общежития проверьте ФЛГ, сведения о прививках с датами и форму СЭМД-196 либо 086/у.",SRC_ITMO_MEDICINE;SRC_ITMO_HOUSING_RU,https://student.itmo.ru/ru/services/health/medicine;https://student.itmo.ru/ru/campus/dorms_and_aparts/booking,,Покажите пользователю правило-событие и официальный контакт; не создавайте вымышленную календарную дату.
UNIV_ITMO,Университет ИТМО,UNI_ITMO_MEDICAL_VISIT,university_step,Обратитесь за плановой помощью в медпункт ИТМО,confirmed_current,event_based,Выполните действие при наступлении указанного в карточке события; отдельный универсальный числовой срок официально не опубликован.,False,False,"Для плановой консультации используйте медпункт на Кронверкском, 49, кабинет 2202; прием терапевта указан по вторникам и четвергам 10:00–16:00.",SRC_ITMO_MEDICINE,https://student.itmo.ru/ru/services/health/medicine,,Покажите пользователю правило-событие и официальный контакт; не создавайте вымышленную календарную дату.
UNIV_ITMO,Университет ИТМО,UNI_ITMO_POST_EXPULSION_DOCS,university_step,Закажите документы после отчисления,confirmed_current,event_based,Выполните действие при наступлении указанного в карточке события; отдельный универсальный числовой срок официально не опубликован.,False,False,Согласуйте обходной лист и заполните анкету после отчисления. Затем закажите в my.itmo комплект документов; при личном получении сдайте студенческий билет.,SRC_ITMO_EXPULSION,https://student.itmo.ru/ru/education/status/expulsion,,Покажите пользователю правило-событие и официальный контакт; не создавайте вымышленную календарную дату.
UNIV_ITMO,Университет ИТМО,UNI_ITMO_PREARRIVAL_NOTIFY,university_step,Сообщите ИТМО сведения о планируемом приезде,confirmed_current,relative_before_event,Не позднее чем за 10 дней до въезда,True,False,"Направьте в omu@itmo.ru дату, время прибытия и пункт пересечения границы; дождитесь ответа с инструкциями.",SRC_ITMO_HOUSING_RU,https://student.itmo.ru/ru/campus/dorms_and_aparts/booking,,
UNIV_ITMO,Университет ИТМО,UNI_ITMO_STATUS_NOTIFY,university_step,Сообщите ОМУ о получении нового статуса,confirmed_current,published_relative_rule,1 рабочий день,True,False,"При получении РВП, РВПО или ВНЖ сообщите ОМУ о новом документе для проверки местного учета.",SRC_ITMO_MIGRATION,https://int.itmo.ru/ru/important_documents,,
UNIV_ITMO,Университет ИТМО,UNI_ITMO_TRAVEL_NOTIFY,university_step,Сообщите ОМУ о планируемом выезде,confirmed_current,relative_before_event,Заблаговременно до отъезда,False,False,До поездки сообщите ОМУ о выезде из Санкт-Петербурга или России.,SRC_ITMO_MIGRATION,https://int.itmo.ru/ru/important_documents,,Покажите пользователю правило-событие и официальный контакт; не создавайте вымышленную календарную дату.
UNIV_KFU,Казанский (Приволжский) федеральный университет,OVR_KFU_CHELNY_STUDY_VISA_EXTEND,overlay,FED_STUDY_VISA_EXTEND,confirmed_current_with_exclusions,numeric_window,Подать документы не ранее чем за 90 и не позднее чем за 45 календарных дней до окончания визы.,True,False,Передайте документы в отдел международной деятельности НЧИ КФУ; используйте комплект соответствующего раздела страницы НЧИ.,SRC_KFU_CHELNY,https://kpfu.ru/chelny/international-activities/pravila-prebyvaniya-inostrannyh-grazhdan-na/prodlenie-rossijskoj-vizy/prodlenie-rossijskoj-vizy-403821.html,Сумма госпошлины 1 600 ₽ на странице НЧИ исключена как устаревшая. | Сохранён интервал подачи 90–45 календарных дней и актуальный адрес страницы после переезда URL. | Не использовать опубликованную на старом фрагменте сумму 1 600 ₽ как действующую пошлину.,
UNIV_KFU,Казанский (Приволжский) федеральный университет,OVR_KFU_CHELNY_VISA_RESTORE,overlay,FED_VISA_RESTORE,confirmed_current_with_exclusions,immediate_after_incident,"Обратитесь без промедления после утраты, повреждения или замены документа.",False,False,Передайте документы в отдел международной деятельности НЧИ КФУ; используйте комплект соответствующего раздела страницы НЧИ.,SRC_KFU_CHELNY,https://kpfu.ru/chelny/international-activities/pravila-prebyvaniya-inostrannyh-grazhdan-na/prodlenie-rossijskoj-vizy/prodlenie-rossijskoj-vizy-403821.html,Сумма госпошлины 1 600 ₽ на странице НЧИ исключена как устаревшая. | Не использовать опубликованную на старом фрагменте сумму 1 600 ₽ как действующую пошлину.,Покажите пользователю правило-событие и официальный контакт; не создавайте вымышленную календарную дату.
UNIV_KFU,Казанский (Приволжский) федеральный университет,OVR_KFU_HOST_DOCUMENTS,overlay,FED_HOST_DOCUMENTS,confirmed_current,relative_after_event,Следующий рабочий день после заселения,True,False,"Лично передайте документы ДВС после заселения; при возвращении из гостиницы, стационара или поездки действует отдельное повторное обращение.",SRC_KFU_VISA_ENTRY;SRC_KFU_FREE_ENTRY,https://kpfu.ru/international/migracionnoe-soprovozhdenie-inostrannyh-grazhdan/vizovyi-vjezd;https://kpfu.ru/international/migracionnoe-soprovozhdenie-inostrannyh-grazhdan/bezvizovyi-vjezd,,
UNIV_KFU,Казанский (Приволжский) федеральный университет,OVR_KFU_INVITE_DIRECT,overlay,FED_INVITATION_REQUEST,confirmed_current,processing_duration,Оформление приглашения занимает не менее 45 календарных дней.,True,False,После приказа о зачислении отправьте заявку через «Полезные ссылки» личного кабинета обучающегося КФУ.,SRC_KFU_INVITE,https://kpfu.ru/invitations,,
UNIV_KFU,Казанский (Приволжский) федеральный университет,OVR_KFU_INVITE_QUOTA,overlay,FED_INVITATION_REQUEST,confirmed_current,processing_duration,Оформление визового указания для обучающихся по квоте занимает не менее 30 календарных дней.,True,False,Направьте запрос визовой поддержки в учебный отдел ДВС на education@kpfu.ru.,SRC_KFU_INVITE;SRC_KFU_STUDENT,https://kpfu.ru/invitations;https://kpfu.ru/international/inostrannomu-studentu,,
UNIV_KFU,Казанский (Приволжский) федеральный университет,OVR_KFU_MEDICAL_INITIAL,overlay,FED_MEDICAL_INITIAL,confirmed_current,event_based,Выполните действие при наступлении указанного в карточке события; отдельный универсальный числовой срок официально не опубликован.,False,False,Пройдите предусмотренное федеральным шагом освидетельствование в указанной КФУ МСЧ.,SRC_KFU_MEDICAL,https://kpfu.ru/international/migracionnoe-soprovozhdenie-inostrannyh-grazhdan/daktiloskopiya-i-medicinskoe-osvidetelstvovanie,,Покажите пользователю правило-событие и официальный контакт; не создавайте вымышленную календарную дату.
UNIV_KFU,Казанский (Приволжский) федеральный университет,OVR_KFU_RVPO_APPLY,overlay,FED_RVPO_APPLY,confirmed_current,event_based,Выполните действие при наступлении указанного в карточке события; отдельный универсальный числовой срок официально не опубликован.,False,False,Используйте опубликованные КФУ ссылки на лицензию и аккредитацию для подготовки университетской части комплекта.,SRC_KFU_RVPO;SRC_KFU_STUDENT,https://kpfu.ru/international/migracionnoe-soprovozhdenie-inostrannyh-grazhdan/rvpo;https://kpfu.ru/international/inostrannomu-studentu,,Покажите пользователю правило-событие и официальный контакт; не создавайте вымышленную календарную дату.
UNIV_KFU,Казанский (Приволжский) федеральный университет,OVR_KFU_STAY_PETITION_REQUEST,overlay,FED_STAY_PETITION_REQUEST,confirmed_current,event_based,Выполните действие при наступлении указанного в карточке события; отдельный универсальный числовой срок официально не опубликован.,False,False,"Для частного жилья получите ходатайство ДВС, предъявив паспорт и подписанный обеими сторонами договор найма.",SRC_KFU_FREE_ENTRY,https://kpfu.ru/international/migracionnoe-soprovozhdenie-inostrannyh-grazhdan/bezvizovyi-vjezd,,Покажите пользователю правило-событие и официальный контакт; не создавайте вымышленную календарную дату.
UNIV_KFU,Казанский (Приволжский) федеральный университет,OVR_KFU_STUDY_VISA_EXTEND,overlay,FED_STUDY_VISA_EXTEND,confirmed_current,numeric_window,Подать документы не ранее чем за 90 и не позднее чем за 45 календарных дней до окончания визы.,True,False,"Лично передайте визовый комплект в ДВС на Гвардейской, 9.",SRC_KFU_VISA,https://kpfu.ru/international/migracionnoe-soprovozhdenie-inostrannyh-grazhdan/prodlenie-odnokratnoj-i-mnogokratnoj-vizy-118896,,
UNIV_KFU,Казанский (Приволжский) федеральный университет,OVR_KFU_VISA_RESTORE,overlay,FED_VISA_RESTORE,confirmed_event_based,immediate_after_incident,"Обратитесь без промедления после утраты, повреждения или замены документа.",False,False,После получения нового паспорта передайте его в ДВС для восстановления визы.,SRC_KFU_VISA,https://kpfu.ru/international/migracionnoe-soprovozhdenie-inostrannyh-grazhdan/prodlenie-odnokratnoj-i-mnogokratnoj-vizy-118896,,Покажите пользователю правило-событие и официальный контакт; не создавайте вымышленную календарную дату.
UNIV_KFU,Казанский (Приволжский) федеральный университет,UNI_KFU_CONTINUING_NOTIFY,university_step,Сообщить КФУ дату возвращения,confirmed_campaign_2026,relative_before_event,Не позднее пяти рабочих дней до прибытия,True,True,Сообщите ответственному сотруднику своего института дату приезда в Казань.,SRC_KFU_HOUSING,https://students.kpfu.ru/universiade-village/population-of-foreigners,,
UNIV_KFU,Казанский (Приволжский) федеральный университет,UNI_KFU_CONTROL_SHEET,university_step,Получить лист контроля КФУ,confirmed_campaign_2026,event_based,Выполните действие при наступлении указанного в карточке события; отдельный универсальный числовой срок официально не опубликован.,False,True,Получите лист контроля у ответственного сотрудника института.,SRC_KFU_HOUSING,https://students.kpfu.ru/universiade-village/population-of-foreigners,,Покажите пользователю правило-событие и официальный контакт; не создавайте вымышленную календарную дату.
UNIV_KFU,Казанский (Приволжский) федеральный университет,UNI_KFU_PREP_LEASE,university_step,Заключить договор общежития слушателя КФУ,confirmed_campaign_2026,relative_after_event,14 календарных дней после уведомления,True,True,Заключите договор найма либо письменно сообщите preparatory@kpfu.ru уважительную причину задержки.,SRC_KFU_HOUSING,https://students.kpfu.ru/universiade-village/population-of-foreigners,,
UNIV_KFU,Казанский (Приволжский) федеральный университет,UNI_KFU_TRAVEL_NOTIFY,university_step,Сообщить заведующему общежитием КФУ о выезде,confirmed_current,relative_before_event,До выезда,False,False,До выезда из России сообщите заведующему своего общежития цель и период поездки.,SRC_KFU_VISA_ENTRY;SRC_KFU_FREE_ENTRY,https://kpfu.ru/international/migracionnoe-soprovozhdenie-inostrannyh-grazhdan/vizovyi-vjezd;https://kpfu.ru/international/migracionnoe-soprovozhdenie-inostrannyh-grazhdan/bezvizovyi-vjezd,,Покажите пользователю правило-событие и официальный контакт; не создавайте вымышленную календарную дату.
UNIV_MEPHI,НИЯУ МИФИ,OVR_MEPHI_ACCOUNTING_DATA_UPDATE,overlay,FED_ACCOUNTING_DATA_UPDATE,confirmed_current_with_exclusions,relative_after_event,Три рабочих дня после изменения; в разделе утраты паспорта названы 2–3 рабочих дня.,True,False,Предъявите в Г-106 изменённые документы для актуализации сведений по общежитию.,SRC_MEPHI_STUD,https://mephi.ru/foreign-nationals/visa/stud,Сумма госпошлины 1 600 ₽ за 2022 год из общего раздела МИФИ не используется. | Не использовать опубликованную на старом фрагменте сумму 1 600 ₽ как действующую пошлину.,
UNIV_MEPHI,НИЯУ МИФИ,OVR_MEPHI_HOST_DOCUMENTS,overlay,FED_HOST_DOCUMENTS,confirmed_current_with_exclusions,relative_after_event,Три рабочих дня: после въезда либо после прибытия и заселения для не выезжавших после экзаменов.,True,False,"Представьте документы в Г-106; если после вступительных испытаний не выезжали, добавьте действующее подтверждение прежней регистрации.",SRC_MEPHI_HOUSING;SRC_MEPHI_STUD,https://mephi.ru/node/19028;https://mephi.ru/foreign-nationals/visa/stud,Сумма госпошлины 1 600 ₽ за 2022 год из общего раздела МИФИ не используется. | Не использовать опубликованную на старом фрагменте сумму 1 600 ₽ как действующую пошлину.,
UNIV_MEPHI,НИЯУ МИФИ,OVR_MEPHI_INVITATION_DEGREE,overlay,FED_INVITATION_REQUEST,confirmed_current,university_defined,Подайте полный комплект заранее; точный срок обработки устанавливает университет и зависит от полноты документов.,False,False,После издания приказа о зачислении подайте запрос приглашения в учебный отдел своего института.,SRC_MEPHI_INVITE,https://mephi.ru/foreign-nationals/visa/visa-entr,,Покажите пользователю правило-событие и официальный контакт; не создавайте вымышленную календарную дату.
UNIV_MEPHI,НИЯУ МИФИ,OVR_MEPHI_INVITATION_PREP,overlay,FED_INVITATION_REQUEST,confirmed_current,university_defined,Подайте полный комплект заранее; точный срок обработки устанавливает университет и зависит от полноты документов.,False,False,Направьте запрос приглашения факультету иностранных учащихся по опубликованным контактам.,SRC_MEPHI_INVITE,https://mephi.ru/foreign-nationals/visa/visa-entr,,Покажите пользователю правило-событие и официальный контакт; не создавайте вымышленную календарную дату.
UNIV_MEPHI,НИЯУ МИФИ,OVR_MEPHI_REGISTRATION_CONFIRMATION,overlay,FED_REGISTRATION_CONFIRMATION,confirmed_current_with_exclusions,after_process_completion,Получите подтверждение после завершения постановки на миграционный учёт.,False,False,Получите отрывную часть уведомления у сотрудника Г-106.,SRC_MEPHI_STUD,https://mephi.ru/foreign-nationals/visa/stud,Сумма госпошлины 1 600 ₽ за 2022 год из общего раздела МИФИ не используется. | Не использовать опубликованную на старом фрагменте сумму 1 600 ₽ как действующую пошлину.,Покажите пользователю правило-событие и официальный контакт; не создавайте вымышленную календарную дату.
UNIV_MEPHI,НИЯУ МИФИ,OVR_MEPHI_REGISTRATION_DUPLICATE,overlay,FED_REGISTRATION_DUPLICATE,confirmed_current_with_exclusions,immediate_after_incident,"Обратитесь без промедления после утраты, повреждения или замены документа.",False,False,Заявите в Г-106 об утрате университетской регистрации и запросите дубликат.,SRC_MEPHI_STUD,https://mephi.ru/foreign-nationals/visa/stud,Сумма госпошлины 1 600 ₽ за 2022 год из общего раздела МИФИ не используется. | Не использовать опубликованную на старом фрагменте сумму 1 600 ₽ как действующую пошлину.,Покажите пользователю правило-событие и официальный контакт; не создавайте вымышленную календарную дату.
UNIV_MEPHI,НИЯУ МИФИ,OVR_MEPHI_STAY_PETITION_REQUEST,overlay,FED_STAY_PETITION_REQUEST,confirmed_current_with_exclusions,relative_before_expiry,Как минимум за 20 дней до окончания регистрации,True,False,Передайте в Г-106 паспорт и миграционную карту для подготовки продления.,SRC_MEPHI_STUD,https://mephi.ru/foreign-nationals/visa/stud,Сумма госпошлины 1 600 ₽ за 2022 год из общего раздела МИФИ не используется. | Не использовать опубликованную на старом фрагменте сумму 1 600 ₽ как действующую пошлину.,
UNIV_MEPHI,НИЯУ МИФИ,OVR_MEPHI_STUDY_VISA_EXTEND,overlay,FED_STUDY_VISA_EXTEND,confirmed_current_with_exclusions,relative_before_expiry,За месяц до окончания действующей визы,True,False,В Г-106 получите актуальную квитанцию и передайте визовый пакет.,SRC_MEPHI_STUD,https://mephi.ru/foreign-nationals/visa/stud,"Сумма госпошлины 1 600 ₽, явно помеченная на странице как стоимость 2022 года, исключена. | Размер пошлины должен подставляться из актуального федерального источника/реквизитов вуза. | Не использовать опубликованную на старом фрагменте сумму 1 600 ₽ как действующую пошлину.",
UNIV_MEPHI,НИЯУ МИФИ,UNI_MEPHI_ARRIVAL_REQUEST,university_step,Направить МИФИ обращение о прибытии,confirmed_event_based,relative_to_arrival,Выполните действие до приезда либо сразу после возникновения подтверждённого плана прибытия.,False,False,"При необходимости до или сразу после приезда направьте обращение через официальную горячую линию для прибывающих иностранных студентов МИФИ. Это канал поддержки, а не обязательный этап с фиксированным сроком.",SRC_MEPHI_FEEDBACK,https://mephi.ru/foreign-students-feedback,,Покажите пользователю правило-событие и официальный контакт; не создавайте вымышленную календарную дату.
UNIV_MEPHI,НИЯУ МИФИ,UNI_MEPHI_PRIVATE_REG_COPY,university_step,Передать МИФИ копию регистрации по частному адресу,confirmed_current_with_exclusions,after_document_received,Передайте копию в университет сразу после получения документа.,False,False,Передайте копию оформленной регистрации в Г-106.,SRC_MEPHI_STUD,https://mephi.ru/foreign-nationals/visa/stud,Сумма госпошлины 1 600 ₽ за 2022 год из общего раздела МИФИ не используется. | Не использовать опубликованную на старом фрагменте сумму 1 600 ₽ как действующую пошлину.,Покажите пользователю правило-событие и официальный контакт; не создавайте вымышленную календарную дату.
UNIV_MIPT,МФТИ,OVR_MIPT_HOST_DOCUMENTS,overlay,FED_HOST_DOCUMENTS,confirmed_current,relative_after_event,В течение двух дней после въезда,True,False,"Отправьте в миграционный отдел чёткие фотографии всех разворотов паспорта, включая пустые, и миграционной карты.",SRC_MIPT_PK,https://pk.mipt.ru/foreign/,,
UNIV_MIPT,МФТИ,OVR_MIPT_INVITATION_REQUEST,overlay,FED_INVITATION_REQUEST,confirmed_current,processing_duration,Направить данные для приглашения заблаговременно; опубликованный минимальный срок оформления — 30 дней.,True,False,Заполните связанную PDF-анкету и направьте подготовительному отделению.,SRC_MIPT_VISA_FORM;SRC_MIPT_PREP,https://eng.mipt.ru/info/preparatory_faq/docs/Application%20for%20Russian%20visa.pdf;https://eng.mipt.ru/info/preparatory_faq/,,
UNIV_MIPT,МФТИ,OVR_MIPT_REGISTRATION_CONFIRMATION,overlay,FED_REGISTRATION_CONFIRMATION,confirmed_current,after_process_completion,Получите подтверждение после завершения постановки на миграционный учёт.,False,False,После письма о готовности заберите регистрацию в 312 АК.,SRC_MIPT_PREP;SRC_MIPT_PK,https://eng.mipt.ru/info/preparatory_faq/;https://pk.mipt.ru/foreign/,,Покажите пользователю правило-событие и официальный контакт; не создавайте вымышленную календарную дату.
UNIV_MIPT,МФТИ,OVR_MIPT_STUDY_VISA_COLLECT,overlay,FED_STUDY_VISA_COLLECT,confirmed_current,event_based,Выполните действие при наступлении указанного в карточке события; отдельный универсальный числовой срок официально не опубликован.,False,False,После уведомления миграционного отдела получите паспорт и визу лично в 312 АК.,SRC_MIPT_PREP;SRC_MIPT_PK,https://eng.mipt.ru/info/preparatory_faq/;https://pk.mipt.ru/foreign/,,Покажите пользователю правило-событие и официальный контакт; не создавайте вымышленную календарную дату.
UNIV_MIPT,МФТИ,OVR_MIPT_STUDY_VISA_EXTEND,overlay,FED_STUDY_VISA_EXTEND,confirmed_current,relative_before_expiry,За 45 дней до окончания однократной визы,True,False,Подайте документы на оформление следующей визы в 312 АК.,SRC_MIPT_PK,https://pk.mipt.ru/foreign/,,
UNIV_MIPT,МФТИ,UNI_MIPT_FINGERPRINT_COPY,university_step,Передать подтверждение дактилоскопии в МФТИ,confirmed_current_with_exclusions,after_document_received,Передайте копию в университет сразу после получения документа.,False,False,Направьте полученное подтверждение на почту подготовительного отделения.,SRC_MIPT_PREP,https://eng.mipt.ru/info/preparatory_faq/,Указание о 90 днях на медосвидетельствование на странице МФТИ не используется после изменения федеральных правил с 1 сентября 2026 года. | Срок медицинской процедуры берётся из федерального слоя базы; карточка МФТИ подтверждает только передачу результата/копии.,Покажите пользователю правило-событие и официальный контакт; не создавайте вымышленную календарную дату.
UNIV_MIPT,МФТИ,UNI_MIPT_LEAVE_DORM,university_step,Направить заявление об отсутствии в общежитии МФТИ,confirmed_current,conditional,При отсутствии в общежитии более 24 часов направить заявление; при отсутствии более 72 часов оформить учёт по месту пребывания и повторный учёт после возвращения; при отсутствии более 7 дней после возвращения передать в миграционный отдел МФТИ регистрацию по месту пребывания.,False,False,"Впишите сроки и причину отсутствия в форму, подпишите и отправьте на указанный email до отъезда.",SRC_MIPT_LEAVE_FORM,https://eng.mipt.ru/docs/preparatory_faq/Application_for_Leaving_the_Dormitory.pdf,,Покажите пользователю правило-событие и официальный контакт; не создавайте вымышленную календарную дату.
UNIV_MIPT,МФТИ,UNI_MIPT_PASS,university_step,Получить пропуск слушателя МФТИ,confirmed_current,event_based,Выполните действие при наступлении указанного в карточке события; отдельный универсальный числовой срок официально не опубликован.,False,False,Предъявите паспорт в бюро пропусков и получите пропуск.,SRC_MIPT_PREP,https://eng.mipt.ru/info/preparatory_faq/,,Покажите пользователю правило-событие и официальный контакт; не создавайте вымышленную календарную дату.
UNIV_MIPT,МФТИ,UNI_MIPT_POLICY_COPY,university_step,Передать полис подготовительному отделению МФТИ,confirmed_current,after_document_received,Передайте копию в университет сразу после получения документа.,False,False,Отправьте фото или скан полученного полиса на почту подготовительного отделения.,SRC_MIPT_PREP,https://eng.mipt.ru/info/preparatory_faq/,,Покажите пользователю правило-событие и официальный контакт; не создавайте вымышленную календарную дату.
UNIV_MSU,МГУ имени М. В. Ломоносова,OVR_MSU_DMS_CONTRACT,overlay,FED_DMS_CONTRACT,confirmed_current,before_enrollment_or_checkin,"Оформите действующий полис до начала обучения/заселения либо в момент, установленный университетом.",False,False,Сопоставьте программу ДМС с минимальным составом по ссылке на странице МГУ. При действующем ОМС университет освобождает от покупки ДМС.,SRC_MSU_HEALTH,https://international.msu.ru/healthcare,,Покажите пользователю правило-событие и официальный контакт; не создавайте вымышленную календарную дату.
UNIV_MSU,МГУ имени М. В. Ломоносова,OVR_MSU_HOST_DOCUMENTS,overlay,FED_HOST_DOCUMENTS,confirmed_event_based,relative_to_arrival,Передайте документы принимающей стороне сразу после прибытия или заселения согласно инструкции вуза.,False,False,Передайте иностранному отделу факультета паспортные копии и подтверждение проживания в общежитии МГУ.,SRC_MSU_AFTER;SRC_MSU_FACULTIES,https://international.msu.ru/after;https://international.msu.ru/faculties,"Не формируется единый числовой срок: общая страница МГУ одновременно использует несколько разных якорей (въезд, прибытие, заселение). | Не использовать опубликованную на старом фрагменте сумму 1 600 ₽ как действующую пошлину.",Покажите пользователю правило-событие и официальный контакт; не создавайте вымышленную календарную дату.
UNIV_MSU,МГУ имени М. В. Ломоносова,OVR_MSU_INVITATION_REQUEST,overlay,FED_INVITATION_REQUEST,confirmed_current,university_defined,Подайте полный комплект заранее; точный срок обработки устанавливает университет и зависит от полноты документов.,False,False,"Выберите свой факультет в официальном каталоге и отправьте его иностранному отделу заполненную анкету, согласие и паспортные сканы.",SRC_MSU_BEFORE;SRC_MSU_FACULTIES,https://international.msu.ru/before;https://international.msu.ru/faculties,,Покажите пользователю правило-событие и официальный контакт; не создавайте вымышленную календарную дату.
UNIV_MSU,МГУ имени М. В. Ломоносова,OVR_MSU_STUDY_VISA_COLLECT,overlay,FED_STUDY_VISA_COLLECT,confirmed_current,event_based,Выполните действие при наступлении указанного в карточке события; отдельный универсальный числовой срок официально не опубликован.,False,False,Получите паспорт с новой визой через иностранный отдел факультета и проверьте указанные данные.,SRC_MSU_AFTER;SRC_MSU_FACULTIES,https://international.msu.ru/after;https://international.msu.ru/faculties,Не использовать опубликованную на старом фрагменте сумму 1 600 ₽ как действующую пошлину.,Покажите пользователю правило-событие и официальный контакт; не создавайте вымышленную календарную дату.
UNIV_MSU,МГУ имени М. В. Ломоносова,OVR_MSU_STUDY_VISA_EXTEND,overlay,FED_STUDY_VISA_EXTEND,confirmed_faculty_specific,faculty_specific,"Срок определяется иностранным отделом факультета. Для ИСАА опубликовано: не позднее 45 календарных дней до окончания визы; общая страница МГУ указывает минимум 30 дней, поэтому универсальный срок не применяется.",False,False,Обратитесь в иностранный отдел своего факультета МГУ и используйте его локальную инструкцию. Для студентов ИСАА опубликован срок не позднее 45 календарных дней до окончания визы; для других факультетов не подставляйте этот срок автоматически.,SRC_MSU_AFTER;SRC_MSU_IAAS;SRC_MSU_FACULTIES,https://international.msu.ru/after;https://iaas.msu.ru/inostrannym-studentam/vizovo-migraczionnye-voprosy/;https://international.msu.ru/faculties,Общий срок 30 дней и старая сумма пошлины на общей странице МГУ не используются как универсальное правило. | Для ИСАА подтверждено 45 календарных дней; для других факультетов срок требуется брать из страницы/контакта конкретного факультета. | Не использовать опубликованную на старом фрагменте сумму 1 600 ₽ как действующую пошлину.,Покажите пользователю правило-событие и официальный контакт; не создавайте вымышленную календарную дату.
UNIV_MSU,МГУ имени М. В. Ломоносова,OVR_MSU_VISA_APPLY,overlay,FED_VISA_APPLY,confirmed_current,authority_defined,"После получения приглашения действуйте в срок, назначенный российским консульством.",False,False,Распечатайте присланное факультетом электронное приглашение для обращения в консульство.,SRC_MSU_BEFORE,https://international.msu.ru/before,,Покажите пользователю правило-событие и официальный контакт; не создавайте вымышленную календарную дату.
UNIV_MSU,МГУ имени М. В. Ломоносова,OVR_MSU_VISA_COLLECT_ABROAD,overlay,FED_VISA_COLLECT_ABROAD,confirmed_current,authority_defined,"Получите визу в дату, назначенную консульством, и сразу выполните университетское действие после получения.",False,False,Отправьте скан полученной визы на почту иностранного отдела своего факультета.,SRC_MSU_BEFORE;SRC_MSU_FACULTIES,https://international.msu.ru/before;https://international.msu.ru/faculties,,Покажите пользователю правило-событие и официальный контакт; не создавайте вымышленную календарную дату.
UNIV_MSU,МГУ имени М. В. Ломоносова,UNI_MSU_MEDICAL_COPY,university_step,Передать факультету МГУ медицинские подтверждения,confirmed_current,after_document_received,Передайте копию в университет сразу после получения документа.,False,False,Передайте иностранному отделу факультета копии полученных медицинских документов и подтверждения дактилоскопии.,SRC_MSU_AFTER;SRC_MSU_FACULTIES,https://international.msu.ru/after;https://international.msu.ru/faculties,Не использовать опубликованную на старом фрагменте сумму 1 600 ₽ как действующую пошлину.,Покажите пользователю правило-событие и официальный контакт; не создавайте вымышленную календарную дату.
UNIV_MSU,МГУ имени М. В. Ломоносова,UNI_MSU_POLICY_COPY,university_step,Отправить факультету МГУ копию страхового полиса,confirmed_current,relative_after_event,В течение 7 календарных дней после пересечения границы,True,False,Отправьте на почту иностранного отдела факультета копию ДМС либо имеющегося ОМС.,SRC_MSU_HEALTH;SRC_MSU_FACULTIES,https://international.msu.ru/healthcare;https://international.msu.ru/faculties,,
UNIV_MSU,МГУ имени М. В. Ломоносова,UNI_MSU_PREARRIVAL_NOTIFY,university_step,Сообщить факультету МГУ данные прибытия,confirmed_current,university_scheduled,Выполните действие в назначенный университетом день или слот заселения.,False,False,"Отправьте факультету дату и время прибытия, аэропорт и рейс, телефон, сведения о страховке при наличии и адрес частного жилья либо время заселения в общежитие.",SRC_MSU_BEFORE;SRC_MSU_FACULTIES,https://international.msu.ru/before;https://international.msu.ru/faculties,,Покажите пользователю правило-событие и официальный контакт; не создавайте вымышленную календарную дату.
UNIV_MSU,МГУ имени М. В. Ломоносова,UNI_MSU_PRIVATE_REG_COPY,university_step,Передать факультету МГУ регистрацию из частного жилья,confirmed_current,after_document_received,Передайте копию в университет сразу после получения документа.,False,False,"После оформления хозяином жилья представьте иностранному отделу факультета паспорт, регистрацию и миграционную карту, если она выдавалась.",SRC_MSU_AFTER;SRC_MSU_FACULTIES,https://international.msu.ru/after;https://international.msu.ru/faculties,Не использовать опубликованную на старом фрагменте сумму 1 600 ₽ как действующую пошлину.,Покажите пользователю правило-событие и официальный контакт; не создавайте вымышленную календарную дату.
UNIV_MSU,МГУ имени М. В. Ломоносова,UNI_MSU_TRAVEL_NOTIFY,university_step,Сообщить факультету МГУ о поездке,confirmed_current,relative_before_event,Выполните действие до поездки.,False,False,До поездки сообщите иностранному отделу факультета даты выезда и возвращения.,SRC_MSU_AFTER;SRC_MSU_FACULTIES,https://international.msu.ru/after;https://international.msu.ru/faculties,Не использовать опубликованную на старом фрагменте сумму 1 600 ₽ как действующую пошлину.,Покажите пользователю правило-событие и официальный контакт; не создавайте вымышленную календарную дату.
UNIV_NSU,Новосибирский государственный университет,OVR_NSU_INVITATION_REQUEST,overlay,FED_INVITATION_REQUEST,confirmed_current,processing_duration,Оформление приглашения обычно занимает 4–6 недель после подписания договора и выполнения условий ЦМУП.,False,False,Предоставьте копию паспорта в заявке ЦМУП. После оформления договора отслеживайте электронное приглашение в личном кабинете.,SRC_NSU_ADMISSION;SRC_NSU_FAQ,https://ciep.nsu.ru/admission;https://ciep.nsu.ru/chavo,,Покажите пользователю правило-событие и официальный контакт; не создавайте вымышленную календарную дату.
UNIV_NSU,Новосибирский государственный университет,OVR_NSU_VISA_APPLY,overlay,FED_VISA_APPLY,confirmed_current,authority_defined,После появления электронного приглашения обратитесь в выбранное консульство; срок подачи и рассмотрения устанавливает консульство.,False,False,Скачайте электронную копию приглашения из личного кабинета ЦМУП для выбранного консульства.,SRC_NSU_ADMISSION,https://ciep.nsu.ru/admission,,Покажите пользователю правило-событие и официальный контакт; не создавайте вымышленную календарную дату.
UNIV_NSU,Новосибирский государственный университет,OVR_NSU_VISA_COLLECT_ABROAD,overlay,FED_VISA_COLLECT_ABROAD,confirmed_current,authority_defined,"Получите визу в срок, назначенный консульством; после получения сохраните скан для ЦМУП.",False,False,Сохраните скан полученной визы для передачи ЦМУП вместе с билетом в Новосибирск.,SRC_NSU_ADMISSION,https://ciep.nsu.ru/admission,,Покажите пользователю правило-событие и официальный контакт; не создавайте вымышленную календарную дату.
UNIV_NSU,Новосибирский государственный университет,UNI_NSU_ARRIVAL_NOTIFY,university_step,Отправить ЦМУП НГУ визу и билет,confirmed_current,relative_before_event,"После получения визы и покупки билетов, до поездки в Новосибирск, отправьте ЦМУП сканы визы и билетов.",True,False,"Направьте ЦМУП копии визы и билета; затем согласуйте трансфер с сотрудником ОСИО, который свяжется с вами.",SRC_NSU_ADMISSION,https://ciep.nsu.ru/admission,,
UNIV_NSU,Новосибирский государственный университет,UNI_NSU_CONTRACT,university_step,Подписать договор обучения с ЦМУП НГУ,confirmed_current,workflow_milestone,"При положительном решении ЦМУП направляет договор обычно в течение двух недель после окончания приёма заявок; подпишите его в срок, указанный в сообщении и договоре.",False,False,"Проверьте присланный договор, подпишите его и верните ЦМУП; платёж выполняется по условиям договора после подписания обеими сторонами.",SRC_NSU_ADMISSION,https://ciep.nsu.ru/admission,,Покажите пользователю правило-событие и официальный контакт; не создавайте вымышленную календарную дату.
UNIV_NSU,Новосибирский государственный университет,UNI_NSU_DORM_CHECKIN,university_step,Оформить заселение слушателя ЦМУП НГУ,confirmed_current,relative_to_event,Оформите документы у заведующей общежитием непосредственно по прибытии.,True,False,По прибытии заполните документы у заведующей назначенного общежития и получите ключ и пропуск.,SRC_NSU_FAQ;SRC_NSU_HOUSING,https://ciep.nsu.ru/chavo;https://ciep.nsu.ru/prozhivanie,,
UNIV_NSU,Новосибирский государственный университет,UNI_NSU_PAYMENT_PROOF,university_step,Передать ЦМУП НГУ подтверждение оплаты,confirmed_current,contract_defined,"Оплатите до даты на первой странице договора, предусмотрев несколько банковских рабочих дней; чек отправьте в ЦМУП сразу после оплаты.",True,False,Направьте электронный чек либо фотографию квитанции на ciep@nsu.ru.,SRC_NSU_PAYMENT,https://ciep.nsu.ru/oplatangu,,
UNIV_RUDN,Российский университет дружбы народов имени Патриса Лумумбы,OVR_RUDN_DORM_EXTENSION,overlay,FED_STAY_PETITION_REQUEST,confirmed_current,relative_before_expiry,За 20 рабочих дней до окончания пребывания,True,False,Передайте пакет продления через услугу МФЦ для проживающих в общежитии.,SRC_RUDN_EXTEND;SRC_RUDN_MFC,https://www.rudn.ru/life/multifunctional-center/uslugi-mfc-rudn/prodlenie-migracionnogo-ucheta-dlya-stran-s-vizovymbezvizovym-rejimom;https://www.rudn.ru/life/multifunctional-center,,
UNIV_RUDN,Российский университет дружбы народов имени Патриса Лумумбы,OVR_RUDN_HOST_DOCUMENTS,overlay,FED_HOST_DOCUMENTS,confirmed_current,relative_to_event,Передать документы в течение 3 дней после заключения договора общежития.,True,False,"В личном кабинете откройте «Сервисы → МФЦ РУДН → Регистрация граждан → Постановка на миграционный учёт», выберите свою ветку въезда и подайте комплект.",SRC_RUDN_PRIMARY;SRC_RUDN_MFC;SRC_RUDN_HOUSING,https://www.rudn.ru/life/multifunctional-center/uslugi-mfc-rudn/postanovka-na-pervichnyy-migracionnyy-uchet-dlya-stran-s-vizovymbezvizovym-rejimom;https://www.rudn.ru/life/multifunctional-center;https://www.rudn.ru/life/accomodation,,
UNIV_RUDN,Российский университет дружбы народов имени Патриса Лумумбы,OVR_RUDN_INVITATION_REQUEST,overlay,FED_INVITATION_REQUEST,confirmed_current,university_defined,Подайте полный комплект заранее; точный срок обработки устанавливает университет и зависит от полноты документов.,False,False,"Отправьте на phd@rudn.ru один пакет с темой «Запрос приглашения. ФИО», указав домашний адрес по-русски и город получения визы.",SRC_RUDN_PHD,https://www.rudn.ru/science/dad/aspirantura/postuplenie,,Покажите пользователю правило-событие и официальный контакт; не создавайте вымышленную календарную дату.
UNIV_RUDN,Российский университет дружбы народов имени Патриса Лумумбы,OVR_RUDN_MIGRATION_CARD_DUPLICATE,overlay,FED_MIGRATION_CARD_DUPLICATE,confirmed_current,event_based,Выполните действие при наступлении указанного в карточке события; отдельный универсальный числовой срок официально не опубликован.,False,False,"Оформите заявление об утрате в обслуживающем РУДН отделении полиции на Миклухо-Маклая, 19. Через «Регистрация граждан» запишитесь в МФЦ на подачу местного пакета восстановления.",SRC_RUDN_CARD;SRC_RUDN_MFC,https://www.rudn.ru/life/multifunctional-center/uslugi-mfc-rudn/vosstanovlenie-migracionnoy-karty;https://www.rudn.ru/life/multifunctional-center,,Покажите пользователю правило-событие и официальный контакт; не создавайте вымышленную календарную дату.
UNIV_RUDN,Российский университет дружбы народов имени Патриса Лумумбы,OVR_RUDN_PRIVATE_PETITION,overlay,FED_STAY_PETITION_REQUEST,confirmed_current,event_based,Выполните действие при наступлении указанного в карточке события; отдельный универсальный числовой срок официально не опубликован.,False,False,Закажите ходатайство через «Регистрация граждан» в МФЦ личного кабинета. Выберите электронный документ либо бумажный оригинал; для последнего запишитесь на получение.,SRC_RUDN_PETITION;SRC_RUDN_MFC,https://www.rudn.ru/life/multifunctional-center/uslugi-mfc-rudn/oformlenie-hodataystva-o-postanovke-na-migracionnyy-uchet;https://www.rudn.ru/life/multifunctional-center,,Покажите пользователю правило-событие и официальный контакт; не создавайте вымышленную календарную дату.
UNIV_RUDN,Российский университет дружбы народов имени Патриса Лумумбы,OVR_RUDN_REGISTRATION_DUPLICATE,overlay,FED_REGISTRATION_DUPLICATE,confirmed_current,immediate_after_incident,"Обратитесь без промедления после утраты, повреждения или замены документа.",False,False,"Выберите в личном кабинете услугу восстановления отрывной части уведомления; загрузите удостоверение личности и доступные миграционные документы, запишитесь на личное получение.",SRC_RUDN_DUPLICATE;SRC_RUDN_MFC,https://www.rudn.ru/life/multifunctional-center/uslugi-mfc-rudn/vosstanovlenie-otryvnoy-chasti-blanka-uvedomleniya-o-pribytii-inostrannogo-grajdanina;https://www.rudn.ru/life/multifunctional-center,,Покажите пользователю правило-событие и официальный контакт; не создавайте вымышленную календарную дату.
UNIV_RUDN,Российский университет дружбы народов имени Патриса Лумумбы,OVR_RUDN_RVPO_APPLY,overlay,FED_RVPO_APPLY,confirmed_current,event_based,Выполните действие при наступлении указанного в карточке события; отдельный универсальный числовой срок официально не опубликован.,False,False,"Закажите «МФЦ → Копии и дубликаты → Комплект документов для РВПО», выберите программу и формат. Получите электронный комплект в кабинете либо бумажный с удостоверением личности.",SRC_RUDN_RVPO;SRC_RUDN_MFC,https://www.rudn.ru/life/multifunctional-center/uslugi-mfc-rudn/komplekt-dokumentov-dlya-razresheniya-na-vremennoe-projivanie-v-celyah-polucheniya-obrazovaniya-rvpo;https://www.rudn.ru/life/multifunctional-center,,Покажите пользователю правило-событие и официальный контакт; не создавайте вымышленную календарную дату.
UNIV_RUDN,Российский университет дружбы народов имени Патриса Лумумбы,OVR_RUDN_SNILS_REGISTER,overlay,FED_SNILS_REGISTER,confirmed_current,event_based,Выполните действие при наступлении указанного в карточке события; отдельный универсальный числовой срок официально не опубликован.,False,False,"В кабинете выберите «МФЦ → Заявления → Оформление СНИЛС», проверьте паспортные сведения, прикрепите сканы. После уведомления подпишите согласие в «Моих обращениях»; там же получите результат.",SRC_RUDN_SNILS;SRC_RUDN_MFC,https://www.rudn.ru/life/multifunctional-center/uslugi-mfc-rudn/oformlenie-snils;https://www.rudn.ru/life/multifunctional-center,,Покажите пользователю правило-событие и официальный контакт; не создавайте вымышленную календарную дату.
UNIV_RUDN,Российский университет дружбы народов имени Патриса Лумумбы,OVR_RUDN_STUDY_VISA_COLLECT,overlay,FED_STUDY_VISA_COLLECT,confirmed_current,event_based,Выполните действие при наступлении указанного в карточке события; отдельный универсальный числовой срок официально не опубликован.,False,False,Получите паспорт с визой в МФЦ в назначенный специалистом день; повторная предварительная запись для этой выдачи не требуется.,SRC_RUDN_VISA;SRC_RUDN_MFC,https://www.rudn.ru/life/multifunctional-center/uslugi-mfc-rudn/priem-dokumentov-dlya-prodleniya-mnogokratnoy-vizy;https://www.rudn.ru/life/multifunctional-center,,Покажите пользователю правило-событие и официальный контакт; не создавайте вымышленную календарную дату.
UNIV_RUDN,Российский университет дружбы народов имени Патриса Лумумбы,OVR_RUDN_STUDY_VISA_EXTEND,overlay,FED_STUDY_VISA_EXTEND,confirmed_current,relative_to_event,Подать документы за 30 рабочих дней до окончания срока действия действующей визы.,True,False,"Выберите «МФЦ → Визовая поддержка → Приём документов для продления многократной визы». Загрузите заявку, выберите дату подачи; затем сдайте паспорт в назначенный специалистом день.",SRC_RUDN_VISA;SRC_RUDN_MFC,https://www.rudn.ru/life/multifunctional-center/uslugi-mfc-rudn/priem-dokumentov-dlya-prodleniya-mnogokratnoy-vizy;https://www.rudn.ru/life/multifunctional-center,,
UNIV_RUDN,Российский университет дружбы народов имени Патриса Лумумбы,UNI_RUDN_ADAPTATION_CHECKIN,university_step,Прибыть в центр адаптации РУДН,confirmed_current,event_based,Выполните действие при наступлении указанного в карточке события; отдельный универсальный числовой срок официально не опубликован.,False,False,"Прибудьте к назначенному размещению в центр адаптации, Миклухо-Маклая 5, корпус2, блок15.",SRC_RUDN_HOUSING,https://www.rudn.ru/life/accomodation,,Покажите пользователю правило-событие и официальный контакт; не создавайте вымышленную календарную дату.
UNIV_RUDN,Российский университет дружбы народов имени Патриса Лумумбы,UNI_RUDN_DORM_DIRECTION,university_step,Получить направление в общежитие РУДН,confirmed_current,event_based,Выполните действие при наступлении указанного в карточке события; отдельный универсальный числовой срок официально не опубликован.,False,False,Передайте комплект в управление размещения в МФЦ и получите направление.,SRC_RUDN_HOUSING,https://www.rudn.ru/life/accomodation,,Покажите пользователю правило-событие и официальный контакт; не создавайте вымышленную календарную дату.
UNIV_RUDN,Российский университет дружбы народов имени Патриса Лумумбы,UNI_RUDN_DORM_LEASE,university_step,Заключить договор проживания РУДН,confirmed_current,event_based,Выполните действие при наступлении указанного в карточке события; отдельный универсальный числовой срок официально не опубликован.,False,False,"Со специалистом общежития выберите комнату, заключите договор и получите счёт.",SRC_RUDN_HOUSING,https://www.rudn.ru/life/accomodation,,Покажите пользователю правило-событие и официальный контакт; не создавайте вымышленную календарную дату.
UNIV_RUDN,Российский университет дружбы народов имени Патриса Лумумбы,UNI_RUDN_DORM_PAYMENT,university_step,Оплатить проживание в РУДН,confirmed_current,recurring,Вносить плату до 10-го числа каждого расчётного месяца.,True,False,Оплатите выставленный счёт за проживание согласно своему договору.,SRC_RUDN_HOUSING,https://www.rudn.ru/life/accomodation,,
UNIV_SPBU,Санкт-Петербургский государственный университет,OVR_SPBU_ACCOUNTING_DATA_UPDATE,overlay,FED_ACCOUNTING_DATA_UPDATE,confirmed_current,event_based,Выполните действие при наступлении указанного в карточке события; отдельный универсальный числовой срок официально не опубликован.,False,False,Сообщите новые данные документов в УМиРР и свой учебный отдел.,SRC_SPBU_GUIDE,https://guide.spbu.ru/foreigner,,Покажите пользователю правило-событие и официальный контакт; не создавайте вымышленную календарную дату.
UNIV_SPBU,Санкт-Петербургский государственный университет,OVR_SPBU_HOST_DOCUMENTS,overlay,FED_HOST_DOCUMENTS,confirmed_current,published_relative_rule,Три рабочих дня от даты въезда,True,False,Передайте комплект в УМиРР по закреплённой площадке приёма.,SRC_SPBU_GUIDE,https://guide.spbu.ru/foreigner,,
UNIV_SPBU,Санкт-Петербургский государственный университет,OVR_SPBU_INVITATION_REQUEST,overlay,FED_INVITATION_REQUEST,confirmed_current,university_defined,Подайте полный комплект заранее; точный срок обработки устанавливает университет и зависит от полноты документов.,False,False,Подайте запрос через учебный отдел своей программы или личный кабинет; поступающим на первый курс — через комиссию по приёму иностранных граждан.,SRC_SPBU_GUIDE,https://guide.spbu.ru/foreigner,,Покажите пользователю правило-событие и официальный контакт; не создавайте вымышленную календарную дату.
UNIV_SPBU,Санкт-Петербургский государственный университет,OVR_SPBU_STAY_PETITION_REQUEST,overlay,FED_STAY_PETITION_REQUEST,confirmed_current,relative_before_expiry,Не позднее 20 рабочих дней до окончания действующего срока,True,False,Передайте документы на продление в УМиРР.,SRC_SPBU_GUIDE,https://guide.spbu.ru/foreigner,,
UNIV_SPBU,Санкт-Петербургский государственный университет,OVR_SPBU_STUDY_VISA_EXTEND,overlay,FED_STUDY_VISA_EXTEND,confirmed_current,relative_before_expiry,Не позднее 20 рабочих дней до окончания действующего срока,True,False,Передайте документы на продление в УМиРР.,SRC_SPBU_GUIDE,https://guide.spbu.ru/foreigner,,
UNIV_SPBU,Санкт-Петербургский государственный университет,UNI_SPBU_ARRIVAL_NOTIFY,university_step,Сообщить СПбГУ о въезде,confirmed_current,relative_to_event,Уведомить университет в течение 2 дней после пересечения границы.,True,False,Отправьте уведомление о прибытии в УМиРР и свой учебный отдел.,SRC_SPBU_GUIDE,https://guide.spbu.ru/foreigner,,
UNIV_SPBU,Санкт-Петербургский государственный университет,UNI_SPBU_DORM_ASSIGNMENT,university_step,Проверить распределение в общежитие СПбГУ,confirmed_current,event_based,Выполните действие при наступлении указанного в карточке события; отдельный универсальный числовой срок официально не опубликован.,False,False,Проверьте назначенное общежитие в опубликованном списке. Для несовершеннолетнего подготовьте согласие родителей.,SRC_SPBU_DORM,https://guide.spbu.ru/dormitory,,Покажите пользователю правило-событие и официальный контакт; не создавайте вымышленную календарную дату.
UNIV_SPBU,Санкт-Петербургский государственный университет,UNI_SPBU_POLICY_COPY,university_step,Передать СПбГУ копию полиса ДМС,confirmed_current,after_document_received,Передайте копию в университет сразу после получения документа.,False,False,Отправьте копию полиса в УМиРР и учебный отдел.,SRC_SPBU_GUIDE,https://guide.spbu.ru/foreigner,,Покажите пользователю правило-событие и официальный контакт; не создавайте вымышленную календарную дату.
UNIV_SPBU,Санкт-Петербургский государственный университет,UNI_SPBU_PRIVATE_COPY,university_step,Передать СПбГУ копию частного миграционного учёта,confirmed_current,event_based,Выполните действие при наступлении указанного в карточке события; отдельный универсальный числовой срок официально не опубликован.,False,False,Отправьте копию полученного учёта на pvo@spbu.ru.,SRC_SPBU_GUIDE,https://guide.spbu.ru/foreigner,,Покажите пользователю правило-событие и официальный контакт; не создавайте вымышленную календарную дату.
UNIV_SPBU,Санкт-Петербургский государственный университет,UNI_SPBU_TRAVEL_NOTIFY,university_step,Сообщить СПбГУ о поездке,confirmed_current,relative_before_event,Выполните действие до поездки.,False,False,Сообщите УМиРР и учебному отделу место и период поездки.,SRC_SPBU_GUIDE,https://guide.spbu.ru/foreigner,,Покажите пользователю правило-событие и официальный контакт; не создавайте вымышленную календарную дату.
UNIV_TSU,Национальный исследовательский Томский государственный университет,OVR_TSU_FINGERPRINT_PHOTO,overlay,FED_FINGERPRINT_PHOTO,confirmed_current,event_based,Выполните действие при наступлении указанного в карточке события; отдельный универсальный числовой срок официально не опубликован.,False,False,"Запишитесь через форму, указанную в инструкции организованного сбора; дальнейшие сведения придут по электронной почте.",SRC_TSU_MEDICAL;SRC_TSU_CURRENT_CONTACTS_2026,https://ggf.tsu.ru/obyavleniya/Prohozhdenie_medicinskogo_osvidetelstvovaniya/;https://persona.tsu.ru/department/Profile/695,,Покажите пользователю правило-событие и официальный контакт; не создавайте вымышленную календарную дату.
UNIV_TSU,Национальный исследовательский Томский государственный университет,OVR_TSU_HOST_DOCUMENTS,overlay,FED_HOST_DOCUMENTS,confirmed_current_with_exclusions,relative_to_event,Передайте документы паспортному столу назначенного общежития в день прибытия.,True,False,"В день прибытия передайте паспортному столу назначенного общежития паспорт, карту при наличии и подтверждение поездки.",SRC_TSU_VISA;SRC_TSU_CONTACT;SRC_TSU_CURRENT_CONTACTS_2026,https://www.edc.tsu.ru/en/visa;https://persona.tsu.ru/department/Profile/695;https://persona.tsu.ru/department/Profile/695,Не использовать опубликованную на старом фрагменте сумму 1 600 ₽ как действующую пошлину.,
UNIV_TSU,Национальный исследовательский Томский государственный университет,OVR_TSU_INVITATION_REQUEST,overlay,FED_INVITATION_REQUEST,confirmed_current_with_exclusions,processing_duration_advisory,"Направьте анкету и скан паспорта координатору программы заранее. Официальная страница ТГУ указывает 30–40 дней, а в разделе визовой поддержки — 35 рабочих дней; планируйте не менее 35 рабочих дней и подтвердите дату у координатора.",False,False,Отправьте координатору программы заполненную анкету и скан паспорта; для поступающего получателем выступает приёмная служба.,SRC_TSU_VISA;SRC_TSU_CONTACT;SRC_TSU_VISA_TO_RUSSIA_CURRENT;SRC_TSU_CURRENT_CONTACTS_2026,https://www.edc.tsu.ru/en/visa;https://persona.tsu.ru/department/Profile/695;https://en.tsu.ru/international_cooperation/visa_to_russia.php;https://persona.tsu.ru/department/Profile/695,Не использовать опубликованную на старом фрагменте сумму 1 600 ₽ как действующую пошлину.,Покажите пользователю правило-событие и официальный контакт; не создавайте вымышленную календарную дату.
UNIV_TSU,Национальный исследовательский Томский государственный университет,OVR_TSU_MEDICAL_INITIAL,overlay,FED_MEDICAL_INITIAL,confirmed_current,event_based,Выполните действие при наступлении указанного в карточке события; отдельный универсальный числовой срок официально не опубликован.,False,False,"Запишитесь через форму, указанную в инструкции организованного сбора; дальнейшие сведения придут по электронной почте.",SRC_TSU_MEDICAL;SRC_TSU_CURRENT_CONTACTS_2026,https://ggf.tsu.ru/obyavleniya/Prohozhdenie_medicinskogo_osvidetelstvovaniya/;https://persona.tsu.ru/department/Profile/695,,Покажите пользователю правило-событие и официальный контакт; не создавайте вымышленную календарную дату.
UNIV_TSU,Национальный исследовательский Томский государственный университет,OVR_TSU_STAY_PETITION_REQUEST,overlay,FED_STAY_PETITION_REQUEST,confirmed_current_with_exclusions,office_defined,Получите ходатайство в кабинете 327 до подачи на продление; конкретный срок зависит от основания и подтверждается отделом визового сопровождения.,False,False,"Получите ходатайство в кабинете 327, сообщив точный адрес проживания.",SRC_TSU_VISA;SRC_TSU_CONTACT;SRC_TSU_CURRENT_CONTACTS_2026,https://www.edc.tsu.ru/en/visa;https://persona.tsu.ru/department/Profile/695;https://persona.tsu.ru/department/Profile/695,Не использовать опубликованную на старом фрагменте сумму 1 600 ₽ как действующую пошлину.,Покажите пользователю правило-событие и официальный контакт; не создавайте вымышленную календарную дату.
UNIV_TSU,Национальный исследовательский Томский государственный университет,OVR_TSU_STUDY_VISA_EXTEND,overlay,FED_STUDY_VISA_EXTEND,confirmed_current_with_exclusions,relative_before_expiry,На старой официальной странице ТГУ опубликован ориентир 50 календарных дней до окончания визы. Перед созданием напоминания подтвердите актуальный срок в отделе визового сопровождения; автоматическая дата отключена.,False,False,Лично подайте визовый комплект в кабинет 327.,SRC_TSU_VISA;SRC_TSU_CONTACT;SRC_TSU_CURRENT_CONTACTS_2026;SRC_TSU_FOREIGN_STUDENTS_2026,https://www.edc.tsu.ru/en/visa;https://persona.tsu.ru/department/Profile/695;https://persona.tsu.ru/department/Profile/695;https://ggf.tsu.ru/studentam/inostrannymstudentam/,Срок 50 дней сохранён только как опубликованное указание старой страницы и не используется для автоматического напоминания без подтверждения отделом визового сопровождения. | Старая сумма госпошлины не используется. | Не использовать опубликованную на старом фрагменте сумму 1 600 ₽ как действующую пошлину.,Покажите пользователю правило-событие и официальный контакт; не создавайте вымышленную календарную дату.
UNIV_TSU,Национальный исследовательский Томский государственный университет,UNI_TSU_MEDICAL_COPY,university_step,Передать ТГУ копии самостоятельно полученных медицинских документов,confirmed_current,after_document_received,Передайте копию в университет сразу после получения документа.,False,False,"Передайте копии результатов в УСМП: главный корпус, кабинет 029а.",SRC_TSU_MEDICAL;SRC_TSU_CURRENT_CONTACTS_2026,https://ggf.tsu.ru/obyavleniya/Prohozhdenie_medicinskogo_osvidetelstvovaniya/;https://persona.tsu.ru/department/Profile/695,,Покажите пользователю правило-событие и официальный контакт; не создавайте вымышленную календарную дату.
UNIV_TSU,Национальный исследовательский Томский государственный университет,UNI_TSU_TRAVEL_NOTIFY,university_step,Уведомить ТГУ о поездке или временном выбытии,confirmed_event_based,relative_before_event,До поездки свяжитесь с отделом визового сопровождения и уточните необходимость уведомления и повторной регистрации.,False,False,"До поездки или сразу при возникновении вопроса свяжитесь с отделом визового сопровождения ТГУ по visa@mail.tsu.ru и уточните, требуется ли уведомление/перерегистрация для вашего маршрута и срока отсутствия.",SRC_TSU_VISA;SRC_TSU_CONTACT;SRC_TSU_CURRENT_CONTACTS_2026,https://www.edc.tsu.ru/en/visa;https://persona.tsu.ru/department/Profile/695;https://persona.tsu.ru/department/Profile/695,Не использовать опубликованную на старом фрагменте сумму 1 600 ₽ как действующую пошлину.,Покажите пользователю правило-событие и официальный контакт; не создавайте вымышленную календарную дату.
